x,y,еҢ—,еҢ—type,жқұ,жқұtype,еҚ—,еҚ—type,иҘҝ,иҘҝ_type,kind,name,
6,-103,0,no,1,sr,1,no,1,no,pr,зӨјж–Ү,
7,-103,0,no,1,sr,1,sr,1,sr,mi,,
8,-103,0,no,1,sr,1,no,1,sr,mi,,
9,-103,0,no,1,sr,1,no,1,sr,mi,,
10,-103,0,no,1,rt,1,rt,1,sr,pr,зЁҡеҶ…,
11,-103,0,no,1,rt,1,no,1,rt,sh,е®—и°·,
12,-103,0,no,1,no,1,rt,1,rt,mi,,
7,-102,1,sr,1,no,1,no,1,no,pr,еҲ©е°»,
10,-102,1,rt,1,rt,1,no,1,no,mi,,
11,-102,1,no,1,no,1,rt,1,rt,mi,,
12,-102,1,rt,1,rt,1,no,1,no,ca,,
13,-102,1,no,1,no,1,rt,1,rt,pr,зҢҝжү•,
11,-101,1,rt,1,no,1,rt,1,no,mi,,
13,-101,1,rt,1,rt,1,no,1,no,mi,,
14,-101,1,no,1,no,1,rt,1,rt,pr,жөңй “еҲҘ,
11,-100,1,rt,1,rt,1,rt,1,no,ni,е№Ңе»¶,
12,-100,1,no,1,no,1,rt,1,rt,pu,,
14,-100,1,rt,1,rt,1,rt,1,no,mi,,
15,-100,1,no,1,no,1,rt,1,rt,pr,жһқе№ё,
11,-99,1,rt,1,no,1,rt,1,no,pr,еӨ©еЎ©,
12,-99,1,rt,1,no,1,rt,1,no,mi,,
14,-99,1,rt,1,no,1,rt,1,no,he,дёӯй “еҲҘ,
15,-99,1,rt,1,rt,1,no,1,no,mi,,
16,-99,1,no,1,no,1,rt,1,rt,ca,,
11,-98,1,rt,1,no,1,rt,1,no,mi,,
12,-98,1,rt,1,rt,1,no,1,no,mi,,
13,-98,1,no,1,rt,1,rt,1,rt,pr,йҹіеЁҒеӯҗеәң,
14,-98,1,rt,1,no,1,no,1,rt,ca,,
16,-98,1,rt,1,no,1,rt,1,no,mi,,
11,-97,1,rt,1,no,1,rt,1,no,mi,,
13,-97,1,rt,1,no,1,rt,1,no,ca,,
16,-97,1,rt,1,no,1,rt,1,no,mi,,
11,-96,1,rt,1,no,1,rt,1,no,mi,,
13,-96,1,rt,1,rt,1,no,1,no,ca,,
14,-96,1,no,1,no,1,rt,1,rt,pu,,
16,-96,1,rt,1,rt,1,no,1,no,ca,,
17,-96,1,no,1,rt,1,no,1,rt,mi,,
18,-96,1,no,1,no,1,rt,1,rt,ca,,
11,-95,1,rt,1,rt,1,no,1,no,pu,,
12,-95,1,no,1,rt,1,no,1,rt,pu,,
13,-95,1,no,1,rt,1,rt,1,rt,pu,,
14,-95,1,rt,1,no,1,rt,1,rt,pr,зҫҺж·ұ,
16,-95,1,no,1,rt,1,rt,1,no,ca,,
17,-95,1,no,1,rt,1,no,1,rt,ca,,
18,-95,1,rt,1,rt,1,rt,1,rt,pr,иҲҲйғЁ,
19,-95,1,no,1,no,1,rt,1,rt,pr,зҙӢеҲҘ,
13,-94,1,rt,1,rt,1,no,1,no,pu,,
14,-94,1,rt,1,rt,1,rt,1,rt,pr,еҗҚеҜ„,
15,-94,1,no,1,rt,1,no,1,rt,ca,,
16,-94,1,rt,1,no,1,no,1,rt,ca,,
18,-94,1,rt,1,no,1,rt,1,no,mi,,
19,-94,1,rt,1,no,1,rt,1,no,ca,,
13,-93,1,no,1,rt,1,rt,1,no,ca,,
14,-93,1,rt,1,no,1,rt,1,rt,pr,еЈ«еҲҘ,
16,-93,1,no,1,rt,1,rt,1,no,mi,,
17,-93,1,no,1,rt,1,no,1,rt,ca,,
18,-93,1,rt,1,no,1,no,1,rt,ca,,
19,-93,1,rt,1,rt,1,no,1,no,ca,,
20,-93,1,no,1,rt,1,no,1,rt,ca,,
21,-93,1,no,1,no,1,rt,1,rt,pr,ж№§еҲҘ,
10,-92,1,no,1,rt,1,rt,1,no,pu,,
11,-92,1,no,1,rt,1,no,1,rt,mi,,
12,-92,1,no,1,rt,1,no,1,rt,ca,,
13,-92,1,rt,1,no,1,no,1,rt,pr,е№ҢеҠ еҶ…,
14,-92,1,rt,1,no,1,rt,1,no,pr,е’ҢеҜ’,
16,-92,1,rt,1,no,1,rt,1,no,mi,,
20,-92,1,no,1,rt,1,rt,1,no,mi,,
21,-92,1,rt,1,no,1,rt,1,rt,pr,йҒ и»Ҫ,
30,-92,1,no,1,no,1,rt,1,no,pr,зҹҘеәҠ,
10,-91,1,rt,1,no,1,rt,1,no,pu,,
14,-91,1,rt,1,no,1,rt,1,no,ca,,
15,-91,1,no,1,rt,1,rt,1,no,ca,,
16,-91,1,rt,1,rt,1,no,1,rt,pr,дёҠе·қ,
17,-91,1,no,1,rt,1,no,1,rt,mi,,
18,-91,1,no,1,rt,1,no,1,rt,mi,,
19,-91,1,no,1,rt,1,no,1,rt,mi,,
20,-91,1,rt,1,no,1,no,1,rt,mi,,
21,-91,1,rt,1,no,1,rt,1,no,mi,,
24,-91,1,no,1,rt,1,no,1,no,pr,еёёе‘Ӯ,
25,-91,1,no,1,rt,1,rt,1,rt,sh,еҘіжәҖеҲҘ,
26,-91,1,no,1,no,1,rt,1,rt,pr,з¶Іиө°,
30,-91,1,rt,1,rt,1,rt,1,no,mi,,
31,-91,1,no,1,no,1,rt,1,rt,pr,зҫ…иҮј,
10,-90,1,rt,1,rt,1,rt,1,no,pr,з•ҷиҗҢ,
11,-90,1,no,1,no,1,rt,1,rt,pu,,
12,-90,1,no,1,rt,1,rt,1,no,pu,,
13,-90,1,no,1,rt,1,no,1,rt,pu,,
14,-90,1,rt,1,rt,1,rt,1,rt,pr,ж—ӯе·қ,
15,-90,1,rt,1,no,1,no,1,rt,pr,еҪ“йә»,
21,-90,1,rt,1,rt,1,no,1,no,pu,,
22,-90,1,no,1,rt,1,no,1,rt,mi,,
23,-90,1,no,1,rt,1,rt,1,rt,pr,еҢ—иҰӢ,
24,-90,1,no,1,rt,1,no,1,rt,mi,,
25,-90,1,rt,1,no,1,rt,1,rt,pr,зҫҺе№Ң,
26,-90,1,rt,1,rt,1,no,1,no,ni,е°Ҹжё…ж°ҙ,
27,-90,1,no,1,rt,1,rt,1,rt,pr,ж–ңйҮҢ,
28,-90,1,no,1,rt,1,no,1,rt,ca,,
29,-90,1,no,1,rt,1,no,1,rt,ni,гӮҰгғҲгғӯ,
30,-90,1,rt,1,no,1,no,1,rt,mi,,
31,-90,1,rt,1,no,1,rt,1,no,mi,,
10,-89,1,rt,1,no,1,no,1,no,pr,еў—жҜӣ,
11,-89,1,rt,1,rt,1,no,1,no,ca,,
12,-89,1,rt,1,no,1,rt,1,rt,pr,ж·ұе·қ,
14,-89,1,rt,1,no,1,rt,1,no,ca,,
23,-89,1,rt,1,no,1,rt,1,no,mi,,
25,-89,1,rt,1,no,1,rt,1,no,mi,,
27,-89,1,rt,1,no,1,rt,1,no,pu,,
30,-89,1,no,1,rt,1,rt,1,no,mi,,
31,-89,1,rt,1,no,1,no,1,rt,mi,,
12,-88,1,rt,1,no,1,rt,1,no,ca,,
14,-88,1,rt,1,no,1,rt,1,no,ca,,
23,-88,1,rt,1,no,1,rt,1,no,ca,,
25,-88,1,rt,1,no,1,rt,1,no,mi,,
27,-88,1,rt,1,no,1,rt,1,no,pu,,
29,-88,1,no,1,rt,1,rt,1,no,mi,,
30,-88,1,rt,1,no,1,rt,1,rt,pr,жЁҷжҙҘ,
-4,-87,1,no,3,sr,2,sr,1,no,mi,,
-1,-87,1,no,3,sr,1,no,3,sr,pu,,
2,-87,1,no,3,sr,1,no,3,sr,mi,,
5,-87,1,no,1,sr,1,no,3,sr,mi,,
6,-87,1,no,1,no,2,sr,1,sr,mi,,
11,-87,1,no,1,no,1,rt,1,no,pr,ж–°еҚҒжҙҘе·қ,
12,-87,1,rt,1,rt,1,rt,1,no,pr,ж»қе·қ,
13,-87,1,no,1,no,1,rt,1,rt,pr,иҠҰеҲҘ,
14,-87,1,rt,1,no,1,rt,1,no,ca,,
22,-87,1,no,1,rt,1,rt,1,no,ca,,
23,-87,1,rt,1,no,1,no,1,rt,pr,йҷёеҲҘ,
25,-87,1,rt,1,rt,1,rt,1,no,pr,йҳҝеҜ’,
26,-87,1,no,1,rt,1,no,1,rt,mi,,
27,-87,1,rt,1,rt,1,rt,1,rt,pr,ејҹеӯҗеұҒ,
28,-87,1,no,1,no,1,no,1,rt,pr,ж‘©е‘Ё,
29,-87,1,rt,1,no,1,rt,1,no,mi,,
30,-87,1,rt,1,no,1,rt,1,no,mi,,
10,-86,1,no,1,rt,1,rt,1,no,ca,,
11,-86,1,rt,1,no,1,no,1,rt,ca,,
12,-86,1,rt,1,no,1,rt,1,no,pr,з Ӯе·қ,
13,-86,1,rt,1,no,1,rt,1,no,ca,,
14,-86,1,rt,1,no,1,rt,1,no,pr,зҫҺз‘ӣ,
22,-86,1,rt,1,no,1,rt,1,no,ca,,
25,-86,1,rt,1,no,1,rt,1,no,pu,,
27,-86,1,rt,1,no,1,rt,1,no,pu,,
29,-86,1,rt,1,no,1,rt,1,no,mi,,
30,-86,1,rt,1,rt,1,no,1,no,ca,,
31,-86,1,no,1,rt,1,no,1,rt,he,дёӯжЁҷжҙҘ,
32,-86,1,no,1,no,1,rt,1,rt,pr,еҲҘжө·,
-4,-85,2,sr,1,no,3,sr,1,no,mi,,
2,-85,1,no,1,rt,1,rt,1,no,to,зҘһеЁҒ,
3,-85,1,no,1,rt,1,no,1,rt,pr,з©Қдё№,
4,-85,1,no,1,no,1,rt,1,rt,pu,,
6,-85,2,sr,1,no,1,sr,1,no,mi,,
8,-85,1,no,1,no,1,rt,1,no,pr,зҹізӢ©,
9,-85,1,no,1,rt,1,rt,1,no,pr,гғӯгӮӨгӮә,
10,-85,1,rt,1,no,1,no,1,rt,ca,,
11,-85,1,no,1,rt,1,rt,1,no,ca,,
12,-85,1,rt,1,no,1,no,1,rt,ca,,
13,-85,1,rt,1,rt,1,no,1,no,ca,,
14,-85,1,rt,1,rt,1,no,1,rt,pr,еҜҢиүҜйҮҺ,
15,-85,1,no,1,no,1,rt,1,rt,ca,,
20,-85,1,no,1,rt,1,rt,1,no,pr,еЈ«е№Ң,
21,-85,1,no,1,rt,1,no,1,rt,mi,,
22,-85,1,rt,1,rt,1,rt,1,rt,pu,,
23,-85,1,no,1,rt,1,no,1,rt,pu,,
24,-85,1,no,1,rt,1,no,1,rt,pu,,
25,-85,1,rt,1,no,1,no,1,rt,pu,,
26,-85,1,no,1,rt,1,rt,1,no,pu,,
27,-85,1,rt,1,no,1,no,1,rt,pu,,
29,-85,1,rt,1,no,1,rt,1,no,mi,,
32,-85,1,rt,1,rt,1,rt,1,no,mi,,
33,-85,1,no,1,rt,1,no,1,rt,ca,,
34,-85,1,no,0,no,1,no,1,rt,pr,ж №е®Ө,
2,-84,1,rt,1,no,1,rt,1,no,to,зҘһжҒөеҶ…,
4,-84,1,rt,1,rt,1,no,1,no,pu,,
5,-84,1,no,1,rt,1,rt,1,rt,pr,дҪҷеёӮ,
6,-84,1,sr,1,rt,1,no,1,rt,pr,е°ҸжЁҪ,
7,-84,1,no,1,no,1,rt,1,rt,ca,,
8,-84,1,rt,1,rt,1,rt,1,no,pu,,
9,-84,1,rt,1,no,1,no,1,rt,pu,,
10,-84,1,no,1,rt,1,rt,1,no,ca,,
11,-84,1,rt,1,no,1,rt,1,rt,pr,еІ©иҰӢжІў,
15,-84,1,rt,1,rt,1,no,1,no,ca,,
16,-84,1,no,1,rt,1,no,1,rt,pu,,
17,-84,1,no,1,no,1,rt,1,rt,mi,,
20,-84,1,rt,1,no,1,rt,1,no,mi,,
22,-84,1,rt,1,no,1,rt,1,no,pr,и¶іеҜ„,
26,-84,1,rt,1,rt,1,rt,1,no,pr,жЁҷиҢ¶,
27,-84,1,no,1,rt,1,no,1,rt,ca,,
28,-84,1,no,1,rt,1,no,1,rt,ca,,
29,-84,1,rt,1,no,1,no,1,rt,ca,,
30,-84,1,no,1,rt,1,rt,1,no,ca,,
31,-84,1,no,1,rt,1,no,1,rt,mi,,
32,-84,1,rt,1,no,1,no,1,rt,ca,,
2,-83,1,rt,1,rt,1,no,1,no,pu,,
3,-83,1,no,1,no,1,rt,1,rt,pu,,
4,-83,1,no,1,rt,1,rt,1,no,ca,,
5,-83,1,rt,1,no,1,no,1,rt,pr,д»ҒжңЁ,
7,-83,1,rt,1,rt,1,no,1,no,sh,зңҹй§’еҶ…,
8,-83,1,rt,1,rt,1,rt,1,rt,pr,жңӯе№Ң,
9,-83,1,no,1,rt,1,rt,1,rt,sh,иӢ—з©Ӯ,
10,-83,1,rt,1,no,1,no,1,rt,pr,жұҹеҲҘ,
11,-83,1,rt,1,no,1,rt,1,no,pu,,
12,-83,1,no,1,no,1,rt,1,no,pr,еӨ•ејө,
17,-83,1,rt,1,no,1,rt,1,no,mi,,
20,-83,1,rt,1,no,1,rt,1,no,mi,,
22,-83,1,rt,1,no,1,rt,1,no,pr,жң¬еҲҘ,
26,-83,1,rt,1,no,1,rt,1,no,pu,,
29,-83,1,no,1,rt,1,rt,1,no,ca,,
30,-83,1,rt,1,no,1,no,1,rt,pr,жөңдёӯ,
-4,-82,3,sr,1,no,3,sr,1,no,mi,,
2,-82,1,no,1,rt,1,rt,1,no,pr,иҳӯи¶Ҡ,
3,-82,1,rt,1,rt,1,no,1,rt,pr,еІ©еҶ…,
4,-82,1,rt,1,no,1,rt,1,rt,mi,,
6,-82,1,no,1,rt,1,rt,1,no,pr,е®ҡеұұжё“,
7,-82,1,no,1,rt,1,no,1,rt,pr,зҫҠгғ¶дёҳ,
8,-82,1,rt,1,no,1,no,1,rt,pr,гӮ№гӮ№гӮӯгғҺ,
9,-82,1,rt,1,rt,1,no,1,no,sh,ж–°жңӯе№Ң,
10,-82,1,no,1,no,1,rt,1,rt,pr,еҢ—еәғеі¶,
11,-82,1,rt,1,no,1,rt,1,no,pu,,
12,-82,1,rt,1,no,1,rt,1,no,mi,,
14,-82,1,no,1,rt,1,rt,1,no,mi,,
15,-82,1,no,1,rt,1,no,1,rt,mi,,
16,-82,1,no,1,rt,1,rt,1,rt,mi,,
17,-82,1,rt,1,no,1,rt,1,rt,pr,ж–°еҫ—,
20,-82,1,rt,1,rt,1,rt,1,no,pr,йҹіжӣҙ,
21,-82,1,no,1,rt,1,no,1,rt,ca,,
22,-82,1,rt,1,rt,1,no,1,rt,pr,жІ№з”°,
23,-82,1,no,1,rt,1,no,1,rt,ca,,
24,-82,1,no,1,no,1,rt,1,rt,ca,,
26,-82,1,rt,1,no,1,rt,1,no,mi,,
28,-82,1,no,1,rt,1,rt,1,no,ca,,
29,-82,1,rt,1,no,1,no,1,rt,ca,,
2,-81,1,rt,1,no,1,rt,1,no,mi,,
3,-81,1,no,1,rt,1,rt,1,no,mi,,
4,-81,1,rt,1,rt,1,no,1,rt,pr,гғӢгӮ»гӮі,
5,-81,1,no,1,rt,1,rt,1,rt,pr,зңҹзӢ©жқ‘,
6,-81,1,rt,1,no,1,no,1,rt,mi,,
9,-81,1,no,1,rt,1,no,1,no,ai,ж–°еҚғжӯіз©әжёҜ,
10,-81,1,rt,1,no,1,rt,1,rt,sh,еҚғжӯі,
11,-81,1,rt,1,no,1,rt,1,no,pu,,
12,-81,1,rt,1,no,1,rt,1,no,mi,,
13,-81,1,no,1,rt,1,rt,1,no,mi,,
14,-81,1,rt,1,rt,1,no,1,rt,pu,,
15,-81,1,no,1,rt,1,no,1,rt,mi,,
16,-81,1,rt,1,no,1,no,1,rt,mi,,
17,-81,1,rt,1,rt,1,no,1,no,mi,,
18,-81,1,no,1,rt,1,no,1,rt,mi,,
19,-81,1,no,1,rt,1,no,1,rt,pr,иҠҪе®Ө,
20,-81,1,rt,1,no,1,rt,1,rt,pr,еёҜеәғ,
24,-81,1,rt,1,rt,1,no,1,no,mi,,
25,-81,1,no,1,rt,1,no,1,rt,mi,,
26,-81,1,rt,1,rt,1,no,1,rt,pr,йҮ§и·Ҝ,
27,-81,1,no,1,rt,1,no,1,rt,pr,еҺҡеІё,
28,-81,1,rt,1,no,1,no,1,rt,ca,,
0,-80,1,no,1,rt,1,rt,1,no,he,дёӯжЁҷжҙҘ,
1,-80,1,no,1,rt,2,rt,1,rt,ca,,
2,-80,1,rt,1,rt,1,no,1,rt,to,жҳҶеёғ,
3,-80,1,rt,1,no,1,no,1,rt,mi,,
4,-80,1,no,1,rt,1,rt,1,no,pu,,
5,-80,1,rt,1,no,1,no,1,rt,pr,з•ҷеҜҝйғҪ,
10,-80,1,rt,1,rt,1,rt,1,no,ca,,
11,-80,1,rt,1,rt,1,no,1,rt,pu,,
12,-80,1,rt,1,rt,1,no,1,rt,pu,,
13,-80,1,rt,1,no,1,no,1,rt,mi,,
20,-80,1,rt,1,no,1,rt,1,no,to,ж„ӣеӣҪ,
-4,-79,3,sr,1,no,3,sr,1,no,mi,,
0,-79,1,rt,1,no,1,rt,1,no,ca,,
2,-79,1,no,1,rt,1,rt,1,no,pu,,
3,-79,1,no,1,rt,1,no,1,rt,pu,,
4,-79,1,rt,1,no,1,rt,1,rt,pr,жҙһзҲәж№–,
8,-79,1,no,2,rt,1,rt,1,no,ca,,
10,-79,1,rt,1,rt,1,no,2,rt,pr,иӢ«е°Ҹзү§,
11,-79,1,no,1,rt,1,no,1,rt,pu,,
12,-79,1,no,1,no,1,rt,1,rt,pu,,
20,-79,1,rt,1,no,1,rt,1,no,to,е№ёзҰҸ,
0,-78,1,rt,1,rt,1,no,1,no,ca,,
1,-78,2,rt,1,rt,2,rt,1,rt,pr,й•·дёҮйғЁ,
2,-78,1,rt,1,no,1,no,1,rt,pu,,
4,-78,1,rt,1,no,1,rt,1,no,pu,,
6,-78,1,no,1,rt,1,rt,1,no,pu,,
7,-78,1,no,1,rt,1,no,1,rt,pr,зҷ»еҲҘ,
8,-78,1,rt,1,no,1,no,1,rt,pr,зҷҪиҖҒ,
12,-78,1,rt,1,rt,1,no,1,no,pr,ж—Ҙй«ҳ,
13,-78,1,no,1,rt,1,no,1,rt,ca,,
14,-78,1,no,1,no,1,rt,1,rt,ca,,
18,-78,1,no,1,rt,1,no,1,no,pr,дёӯжңӯеҶ…,
19,-78,1,no,1,rt,1,no,1,rt,mi,,
20,-78,1,rt,1,no,1,rt,1,rt,pu,,
4,-77,1,rt,1,rt,1,no,1,no,pr,дјҠйҒ”,
5,-77,1,no,1,rt,1,no,1,rt,pu,,
6,-77,1,rt,1,no,1,rt,1,rt,ca,,
14,-77,1,rt,1,rt,1,no,1,no,pr,йқҷеҶ…,
15,-77,1,no,1,no,1,rt,1,rt,mi,,
20,-77,1,rt,1,no,1,rt,1,no,pu,,
-4,-76,3,sr,1,no,3,sr,1,no,pu,,
-2,-76,1,no,1,sr,1,sr,1,no,mi,,
-1,-76,1,no,1,sr,1,no,1,sr,mi,,
0,-76,1,no,1,rt,1,no,1,sr,mi,,
1,-76,2,rt,1,no,2,rt,1,rt,pr,е…«йӣІ,
6,-76,1,rt,1,no,1,no,1,no,pr,е®Өиҳӯ,
15,-76,1,rt,1,rt,1,no,1,no,pr,жөҰжІі,
16,-76,1,no,1,no,1,rt,1,rt,pr,ж§ҳдјј,
20,-76,1,rt,1,no,1,rt,1,no,he,еӨ§жЁ№з”ә,
-3,-75,1,no,1,sr,1,no,1,no,pr,еҘҘе°»,
-2,-75,1,sr,1,no,1,no,1,sr,mi,,
16,-75,1,rt,1,rt,1,no,1,no,mi,,
17,-75,1,no,1,no,1,rt,1,rt,mi,,
20,-75,1,rt,1,no,1,no,1,no,pr,еәғе°ҫ,
1,-74,2,rt,3,rt,1,no,1,no,pu,,
4,-74,1,no,1,rt,1,rt,3,rt,pr,жЈ®,
5,-74,1,no,1,no,1,rt,1,rt,mi,,
17,-74,1,rt,1,no,1,no,1,no,pr,иҘҹиЈі,
-4,-73,3,sr,1,no,3,sr,1,no,mi,,
4,-73,1,rt,1,rt,1,rt,1,no,pr,еӨ§жІј,
5,-73,1,rt,1,rt,1,no,1,rt,ca,,
6,-73,1,no,1,no,1,rt,1,rt,ca,,
0,-72,1,no,1,rt,1,rt,1,no,pr,жұҹе·®,
1,-72,1,no,1,no,1,rt,1,rt,ca,,
2,-72,1,no,1,rt,1,rt,1,no,pu,,
3,-72,1,no,1,rt,1,no,1,rt,sh,дә”зЁңйғӯ,
4,-72,1,rt,1,rt,1,no,1,rt,pr,еҮҪйӨЁ,
5,-72,1,no,1,rt,1,no,1,rt,pu,,
6,-72,1,rt,1,no,1,no,1,rt,pr,жҒөеұұ,
0,-71,1,rt,1,no,1,rt,1,no,mi,,
1,-71,1,rt,1,rt,1,rt,1,no,ca,,
2,-71,1,rt,1,no,1,no,1,rt,lo,жңЁеҸӨеҶ…,
-4,-70,3,sr,1,no,3,sr,1,no,mi,,
0,-70,1,rt,1,rt,1,no,1,no,pr,жқҫеүҚ,
1,-70,1,rt,1,no,5,sr,1,rt,pr,зҰҸеі¶з”ә,
6,-68,1,no,1,no,1,rt,1,no,pr,еӨ§й–“,
-4,-67,3,sr,1,no,3,sr,1,no,mi,,
5,-67,1,no,1,rt,2,rt,1,no,mi,,
6,-67,1,rt,1,rt,1,no,1,rt,mi,,
7,-67,1,no,1,rt,1,no,1,rt,mi,,
8,-67,1,no,1,no,1,rt,1,rt,ca,,
7,-66,1,no,1,no,1,rt,1,no,sh,жҒҗеұұ,
8,-66,1,rt,1,no,1,rt,1,no,ca,,
1,-65,5,sr,1,rt,1,no,1,no,pr,з«ңйЈӣ,
2,-65,1,no,1,no,1,rt,1,rt,pu,,
5,-65,2,rt,1,rt,1,no,1,no,mi,,
6,-65,1,no,1,rt,1,no,1,rt,ca,,
7,-65,1,rt,1,rt,1,no,1,rt,mi,,
8,-65,1,rt,1,no,1,rt,1,rt,pr,гӮҖгҒӨ,
-4,-64,3,sr,1,no,3,sr,1,no,pu,,
0,-64,1,no,1,no,1,rt,1,no,pr,еҚҒдёүж№–,
2,-64,1,rt,1,no,1,rt,1,no,du,еӨ–гғ¶жөң,
8,-64,1,rt,1,no,1,rt,1,no,ca,,
0,-63,1,rt,1,rt,1,no,1,no,mi,,
1,-63,1,no,1,no,1,rt,1,rt,ca,,
2,-63,1,rt,1,no,2,rt,1,no,pr,иҹ№з”°,
7,-63,1,no,1,rt,1,rt,1,no,pr,иҸңгҒ®иҠұ,
8,-63,1,rt,1,no,1,no,1,rt,mi,,
1,-62,1,rt,1,no,1,rt,1,no,pr,йҮ‘жңЁ,
7,-62,1,rt,1,no,1,rt,1,no,ca,,
-7,-61,1,no,2,sr,2,sr,1,no,mi,,
-5,-61,1,no,1,sr,1,no,2,sr,mi,,
-4,-61,3,sr,1,no,1,no,1,sr,mi,,
-1,-61,1,no,1,rt,1,rt,1,no,mi,,
0,-61,1,no,1,rt,1,no,1,rt,pr,жңЁйҖ ,
1,-61,1,rt,1,no,1,rt,1,rt,pr,еҫЎжүҖе·қеҺҹ,
2,-61,2,rt,1,rt,1,no,1,no,ca,,
3,-61,1,no,1,no,2,rt,1,rt,mi,,
7,-61,1,rt,1,no,1,rt,1,no,pr,йҷёеҘҘжЁӘжөң,
-2,-60,1,no,1,rt,1,rt,1,no,mi,,
-1,-60,1,rt,1,no,1,no,1,rt,pr,йҜөгғ¶жІў,
1,-60,1,rt,1,no,1,rt,1,no,pr,й¶ҙз”°,
5,-60,1,no,1,rt,1,rt,1,no,pr,е№іеҶ…,
6,-60,1,no,1,rt,1,rt,1,rt,mi,,
7,-60,1,rt,1,no,1,rt,1,rt,pr,йҮҺиҫәең°,
-7,-59,2,sr,1,no,2,sr,1,no,pu,,
-3,-59,1,no,1,rt,1,rt,1,no,pr,ж·ұжөҰ,
-2,-59,1,rt,1,no,1,no,1,rt,mi,,
1,-59,1,rt,1,no,1,rt,1,no,pr,жқҝжҹі,
3,-59,2,rt,1,rt,1,rt,1,no,sh,ж–°йқ’жЈ®,
4,-59,1,no,1,rt,1,rt,1,rt,pr,йқ’жЈ®,
5,-59,1,rt,1,rt,1,rt,1,rt,pr,жө…иҷ«жё©жіү,
6,-59,1,rt,1,rt,1,no,1,rt,ca,,
7,-59,1,rt,1,rt,1,no,1,rt,ca,,
8,-59,1,no,1,no,1,rt,1,rt,ca,,
-3,-58,1,rt,1,no,1,rt,1,no,he,еҚҒдәҢж№–,
0,-58,1,no,1,no,1,rt,1,no,pr,еІ©жңЁеұұ,
1,-58,1,rt,1,rt,1,rt,1,no,ca,,
2,-58,1,no,1,rt,1,rt,1,rt,pr,й»’зҹі,
3,-58,1,rt,1,no,1,no,1,rt,du,еӨ§йҮҲиҝҰ,
4,-58,1,rt,1,rt,1,no,1,no,pr,е…«з”Із”°,
5,-58,1,rt,1,no,1,no,1,rt,mi,,
8,-58,1,rt,1,rt,1,no,1,no,pr,гҒҠгҒ„гӮүгҒӣ,
9,-58,1,no,1,no,1,rt,1,rt,pr,дёүжІў,
-7,-57,2,sr,1,no,2,sr,1,no,mi,,
-3,-57,1,rt,1,no,1,rt,1,no,mi,,
0,-57,1,rt,1,rt,1,no,1,no,mi,,
1,-57,1,rt,1,rt,1,rt,1,rt,pr,ејҳеүҚ,
2,-57,1,rt,1,no,1,no,1,rt,pr,з”°иҲҺйӨЁ,
5,-57,1,no,1,rt,1,no,1,no,pr,еҚҒе’Ңз”°ж№–,
6,-57,1,no,1,rt,1,no,1,rt,pu,,
7,-57,1,no,1,rt,1,rt,1,rt,pu,,
8,-57,1,no,1,rt,1,no,1,rt,pu,,
9,-57,1,rt,1,no,1,rt,1,rt,pr,е…«жҲё,
-3,-56,1,rt,1,no,1,rt,1,no,pu,,
1,-56,1,rt,1,rt,1,no,1,no,pu,,
2,-56,1,no,1,no,1,rt,1,rt,pu,,
7,-56,1,rt,1,rt,1,no,1,no,pr,з”°еӯҗ,
8,-56,1,no,1,rt,2,rt,1,rt,pr,дёүжҲё,
9,-56,1,rt,1,rt,1,no,1,rt,pr,еҚ—йғЁ,
10,-56,1,no,1,no,1,rt,1,rt,mi,,
-7,-55,2,sr,1,no,2,sr,1,no,mi,,
-3,-55,1,rt,1,no,1,rt,1,no,pr,е…«жЈ®,
2,-55,1,rt,1,no,1,rt,1,no,pr,еӨ§й°җ,
10,-55,1,rt,1,rt,1,no,1,no,pu,,
11,-55,1,no,1,rt,1,no,1,rt,pu,,
12,-55,1,no,1,no,1,rt,1,rt,mi,,
-3,-54,1,rt,1,no,1,rt,1,no,mi,,
2,-54,1,rt,1,no,1,rt,1,no,pu,,
4,-54,1,no,1,no,1,rt,1,no,pr,е°ҸеқӮ,
7,-54,1,no,1,rt,5,rt,1,no,mi,,
8,-54,2,rt,1,no,1,no,1,rt,pu,,
12,-54,1,rt,1,rt,1,no,1,no,ca,,
13,-54,1,no,1,no,1,rt,1,rt,he,дҫҚжөң,
-7,-53,2,sr,1,no,2,sr,1,no,mi,,
-3,-53,1,rt,1,rt,1,rt,1,no,pr,иғҪд»Ј,
-2,-53,1,no,1,rt,1,no,1,rt,mi,,
-1,-53,1,no,1,rt,1,no,1,rt,mi,,
0,-53,1,no,1,rt,1,rt,1,rt,ca,,
1,-53,1,no,1,rt,1,no,1,rt,mi,,
2,-53,1,rt,1,rt,1,no,1,rt,pr,еӨ§йӨЁ,
3,-53,1,no,1,rt,1,no,1,rt,pu,,
4,-53,1,rt,1,no,1,rt,1,rt,pr,й№ҝи§’,
13,-53,1,rt,1,no,1,rt,1,no,pr,д№…ж…Ҳ,
-3,-52,1,rt,1,no,1,rt,1,no,pu,,
0,-52,1,rt,1,no,1,rt,1,no,mi,,
4,-52,1,rt,1,rt,1,no,1,no,ca,,
5,-52,1,no,1,no,1,rt,1,rt,ca,,
13,-52,1,rt,1,no,1,rt,1,no,lo,йҮҺз”°,
-7,-51,2,sr,1,no,2,sr,1,no,pu,,
-3,-51,1,rt,1,no,1,rt,1,no,pu,,
0,-51,1,rt,1,no,1,rt,1,no,mi,,
5,-51,1,rt,1,rt,1,no,1,no,pu,,
6,-51,1,no,1,no,1,rt,1,rt,ca,,
13,-51,1,rt,1,no,1,rt,1,no,ca,,
-3,-50,1,rt,1,no,1,rt,1,no,ca,,
0,-50,1,rt,1,rt,1,no,1,no,mi,,
1,-50,1,no,1,rt,1,no,1,rt,pu,,
2,-50,1,no,1,no,1,rt,1,rt,mi,,
6,-50,1,rt,1,no,1,rt,1,no,ca,,
13,-50,1,rt,1,no,1,rt,1,no,mi,,
-7,-49,2,sr,1,no,2,sr,1,no,mi,,
-4,-49,1,no,1,rt,1,no,1,no,pr,з”·й№ҝ,
-3,-49,1,rt,1,no,1,rt,1,rt,mi,,
2,-49,1,rt,1,rt,1,no,1,no,pu,,
3,-49,1,no,1,no,1,rt,1,rt,mi,,
6,-49,1,rt,1,rt,1,no,1,no,ca,,
7,-49,5,rt,1,no,1,rt,1,rt,ca,,
12,-49,1,no,1,no,1,rt,1,no,pr,еІ©жіү,
13,-49,1,rt,1,no,1,rt,1,no,mi,,
-3,-48,1,rt,1,rt,1,rt,1,no,pr,з§Ӣз”°,
-2,-48,1,no,1,rt,1,no,1,rt,mi,,
-1,-48,1,no,1,no,1,rt,1,rt,pu,,
3,-48,1,rt,1,no,1,rt,1,no,mi,,
4,-48,1,no,1,rt,1,rt,1,no,pr,з”°жІўж№–,
5,-48,1,no,1,rt,1,no,1,rt,pu,,
6,-48,1,no,1,rt,1,no,1,rt,pr,йӣ«зҹі,
7,-48,1,rt,1,rt,4,rt,1,rt,pr,зӣӣеІЎ,
8,-48,1,no,1,rt,1,no,1,rt,pu,,
9,-48,1,no,1,rt,1,no,1,rt,ca,,
10,-48,1,no,1,rt,1,no,1,rt,ca,,
11,-48,1,no,1,rt,1,no,1,rt,pu,,
12,-48,1,rt,1,rt,1,no,1,rt,mi,,
13,-48,1,rt,1,rt,1,rt,1,rt,pr,е®®еҸӨ,
14,-48,1,no,1,no,1,no,1,rt,pr,жө„еңҹгғ¶жөң,
-7,-47,2,sr,1,no,2,sr,1,no,mi,,
-3,-47,1,rt,1,rt,1,rt,1,no,mi,,
-2,-47,1,no,1,rt,1,no,1,rt,mi,,
-1,-47,1,rt,1,rt,1,no,1,rt,pu,,
0,-47,1,no,1,no,1,rt,1,rt,pu,,
3,-47,1,rt,1,no,1,rt,1,no,ca,,
4,-47,1,rt,1,no,1,rt,1,no,pu,,
12,-47,1,no,1,rt,1,rt,1,no,ca,,
13,-47,1,rt,1,no,1,no,1,rt,mi,,
-3,-46,1,rt,1,no,1,rt,1,no,lo,еІ©еҹҺ,
0,-46,1,rt,1,rt,1,no,1,no,pu,,
1,-46,1,no,1,no,1,rt,1,rt,pu,,
3,-46,1,rt,1,rt,1,rt,1,no,pr,и§’йғҪ,
4,-46,1,rt,1,no,1,no,1,rt,pu,,
12,-46,1,rt,1,no,1,rt,1,no,ca,,
-7,-45,2,sr,1,no,2,sr,1,no,mi,,
-4,-45,1,no,1,rt,1,rt,1,no,pr,жң¬иҚҳ,
-3,-45,1,rt,1,no,1,no,1,rt,ca,,
1,-45,1,rt,2,rt,1,rt,1,no,mi,,
3,-45,1,rt,1,no,1,rt,2,rt,ca,,
12,-45,1,rt,1,no,1,rt,1,no,pr,еӨ§ж§Ң,
-4,-44,1,rt,1,no,1,rt,1,no,he,гҒ«гҒӢгҒ»,
1,-44,1,rt,1,rt,1,no,1,no,ca,,
2,-44,1,no,1,rt,1,no,1,rt,ca,,
3,-44,1,rt,1,no,1,rt,1,rt,pr,еӨ§жӣІ,
6,-44,1,no,1,rt,1,rt,1,no,ca,,
7,-44,4,rt,1,rt,2,rt,1,rt,pr,иҠұе·»,
8,-44,1,no,1,rt,1,no,1,rt,pu,,
9,-44,1,no,1,rt,1,no,1,rt,pu,,
10,-44,1,no,1,rt,1,no,1,rt,pr,йҒ йҮҺ,
11,-44,1,no,1,rt,1,no,1,rt,pu,,
12,-44,1,rt,1,no,1,rt,1,rt,pr,йҮңзҹі,
-7,-43,2,sr,1,no,2,sr,1,no,pu,,
-4,-43,1,rt,1,no,1,rt,1,no,ca,,
3,-43,1,rt,1,no,1,rt,1,no,pu,,
6,-43,1,rt,1,no,1,rt,1,no,mi,,
12,-43,1,rt,1,no,1,rt,1,no,mi,,
-5,-42,1,no,1,rt,1,rt,1,no,pu,,
-4,-42,1,rt,1,no,1,no,1,rt,ca,,
3,-42,1,rt,1,rt,1,rt,1,no,pr,жЁӘжүӢ,
4,-42,1,no,1,rt,1,no,1,rt,ca,,
5,-42,1,no,1,rt,1,no,1,rt,ca,,
6,-42,1,rt,1,rt,1,rt,1,rt,ca,,
7,-42,2,rt,1,no,2,rt,1,rt,pr,еҢ—дёҠ,
12,-42,1,rt,1,no,1,rt,1,no,mi,,
-11,-41,1,no,2,sr,2,sr,1,no,mi,,
-9,-41,1,no,2,sr,1,no,2,sr,mi,,
-7,-41,2,sr,1,no,1,no,2,sr,mi,,
-5,-41,1,rt,1,no,1,rt,1,no,pr,иұЎжҪҹ,
3,-41,1,rt,1,no,1,rt,1,no,ca,,
6,-41,1,rt,1,no,1,rt,1,no,mi,,
12,-41,1,rt,1,no,1,rt,1,no,ca,,
-5,-40,1,rt,1,no,1,rt,1,no,pr,йҒҠдҪҗ,
2,-40,1,no,1,rt,1,rt,1,no,ca,,
3,-40,1,rt,1,no,1,no,1,rt,pr,з§Ӣз”°ж№ҜжІў,
6,-40,1,rt,1,no,1,rt,1,no,ca,,
7,-40,2,rt,1,no,1,rt,1,no,pr,е№іжіү,
9,-40,1,no,1,rt,1,rt,1,no,ca,,
10,-40,1,no,1,no,1,rt,1,rt,ca,,
11,-40,1,no,1,rt,1,rt,1,no,pr,йҷёеүҚй«ҳз”°,
12,-40,1,rt,1,no,1,no,1,rt,pr,еӨ§иҲ№жёЎ,
-11,-39,2,sr,1,no,2,sr,1,no,pu,,
-5,-39,1,rt,1,rt,2,rt,1,no,pr,й…’з”°,
-4,-39,1,no,1,no,1,rt,1,rt,ca,,
2,-39,1,rt,1,no,1,no,1,rt,ca,,
6,-39,1,rt,1,rt,1,no,1,no,ca,,
7,-39,1,rt,1,rt,1,rt,1,rt,pr,дёҖй–ў,
8,-39,1,no,1,rt,1,no,1,rt,pu,,
9,-39,1,rt,1,no,1,no,1,rt,pu,,
10,-39,1,rt,1,rt,1,no,1,no,ca,,
11,-39,1,rt,1,no,1,rt,1,rt,pr,ж°—д»ҷжІј,
-4,-38,1,rt,1,rt,1,rt,1,no,pr,дҪҷзӣ®,
-3,-38,1,no,1,rt,1,no,1,rt,ca,,
-2,-38,1,no,1,rt,1,no,1,rt,ca,,
-1,-38,1,no,1,rt,1,no,1,rt,ca,,
0,-38,1,no,1,rt,1,no,1,rt,ca,,
1,-38,1,rt,1,rt,1,rt,1,rt,pr,ж–°еә„,
2,-38,1,no,1,rt,1,no,1,rt,mi,,
3,-38,1,no,1,rt,1,no,1,rt,mi,,
4,-38,1,no,1,rt,1,no,1,rt,pr,йіҙеӯҗ,
5,-38,1,no,1,rt,1,no,1,rt,mi,,
6,-38,1,no,1,no,2,rt,1,rt,pr,еІ©еҮәеұұ,
7,-38,1,rt,1,rt,2,rt,1,no,ca,,
8,-38,1,no,1,no,1,no,1,rt,pr,зҷ»зұі,
11,-38,1,rt,1,no,1,rt,1,no,pu,,
-11,-37,2,sr,1,no,2,sr,1,no,mi,,
-5,-37,2,rt,1,rt,1,rt,1,no,pr,й¶ҙеІЎ,
-4,-37,1,rt,1,no,1,rt,1,rt,mi,,
1,-37,1,rt,1,rt,1,rt,1,no,ca,,
2,-37,1,no,1,rt,1,no,1,rt,pr,е°ҫиҠұжІў,
3,-37,1,no,1,no,1,no,1,rt,pr,йҠҖеұұжё©жіү,
10,-37,1,no,1,rt,1,rt,1,no,ca,,
11,-37,1,rt,1,no,1,no,1,rt,he,еҚ—дёүйҷё,
-5,-36,1,rt,1,no,1,rt,1,no,ca,,
-4,-36,1,rt,1,rt,1,no,1,no,mi,,
-3,-36,1,no,1,no,1,rt,1,rt,mi,,
0,-36,1,no,1,rt,1,rt,1,no,pr,жІіеҢ—,
1,-36,1,rt,1,no,1,rt,1,rt,pr,жқ‘дёҠ,
6,-36,2,rt,1,rt,1,no,1,no,pu,,
7,-36,2,rt,1,rt,3,rt,1,rt,pr,еҸӨе·қ,
8,-36,1,no,1,rt,1,no,1,rt,pu,,
9,-36,1,no,1,rt,1,rt,1,rt,pu,,
10,-36,1,rt,1,no,1,no,1,rt,ca,,
-11,-35,2,sr,1,no,2,sr,1,no,mi,,
-5,-35,1,rt,1,no,1,rt,1,no,pr,жё©жө·,
-3,-35,1,rt,1,rt,1,no,1,no,ca,,
-2,-35,1,no,1,rt,1,no,1,rt,ca,,
-1,-35,1,no,1,no,1,rt,1,rt,mi,,
0,-35,1,rt,1,no,1,rt,1,no,ca,,
1,-35,1,rt,1,no,1,rt,1,no,pr,жқұж №,
9,-35,1,rt,1,rt,1,no,1,no,ca,,
10,-35,1,no,1,no,1,rt,1,rt,ca,,
-6,-34,1,no,1,rt,1,rt,1,no,ca,,
-5,-34,1,rt,1,no,1,no,1,rt,ca,,
-1,-34,1,rt,1,rt,1,no,1,no,ca,,
0,-34,1,rt,1,no,1,rt,1,rt,pr,еҜ’жІіжұҹ,
1,-34,1,rt,1,no,1,rt,1,no,pr,еӨ©з«Ҙ,
2,-34,1,no,1,rt,1,rt,1,no,pu,,
3,-34,1,no,1,rt,1,no,1,rt,ca,,
4,-34,1,no,2,rt,1,no,1,rt,pu,,
6,-34,1,no,1,no,1,rt,2,rt,pr,дҪңдёҰ,
8,-34,1,no,1,rt,1,rt,1,no,pr,еЎ©йҮң,
9,-34,1,no,1,rt,1,no,1,rt,pr,жқҫеі¶,
10,-34,1,rt,1,rt,1,no,1,rt,pr,зҹіе·»,
11,-34,1,no,1,no,1,no,1,rt,pr,еҘіе·қ,
-11,-33,2,sr,1,no,2,sr,1,no,mi,,
-6,-33,1,rt,1,no,1,rt,1,no,ca,,
0,-33,1,rt,1,rt,1,no,1,no,ca,,
1,-33,1,rt,1,rt,1,rt,1,rt,pr,еұұеҪў,
2,-33,1,rt,1,no,1,no,1,rt,pu,,
6,-33,1,rt,1,rt,1,no,1,no,pr,еӣҪеҲҶз”ә,
7,-33,3,rt,1,rt,1,rt,1,rt,pr,д»ҷеҸ°,
8,-33,1,rt,1,no,1,no,1,rt,pr,еӨҡиіҖ,
-6,-32,1,rt,1,no,1,rt,1,no,ca,,
1,-32,1,rt,1,rt,1,rt,1,no,pr,дёҠеұұ,
2,-32,1,no,1,rt,1,no,1,rt,pr,и”өзҺӢ,
3,-32,1,no,1,rt,1,no,1,rt,mi,,
4,-32,1,no,1,no,2,rt,1,rt,ca,,
6,-32,1,no,1,rt,2,rt,1,no,mi,,
7,-32,1,rt,1,no,1,rt,1,rt,pr,еҗҚеҸ–,
-13,-31,1,no,2,sr,2,sr,1,no,mi,,
-11,-31,2,sr,1,no,1,no,2,sr,pu,,
-6,-31,1,rt,1,no,1,rt,1,no,ca,,
-3,-31,1,no,1,rt,1,rt,1,no,ca,,
-2,-31,1,no,1,rt,1,no,1,rt,pr,е°ҸеӣҪ,
-1,-31,1,no,1,rt,1,no,1,rt,ca,,
0,-31,1,no,1,no,1,rt,1,rt,ca,,
1,-31,1,rt,1,no,1,rt,1,no,ca,,
7,-31,1,rt,1,rt,1,no,1,no,pu,,
8,-31,1,no,1,rt,1,no,1,rt,mi,,
9,-31,1,no,1,rt,1,no,1,rt,ca,,
10,-31,1,no,1,rt,1,no,1,rt,mi,,
11,-31,1,no,1,rt,1,no,1,rt,mi,,
12,-31,1,no,1,no,1,rt,1,rt,lo,еІ©жІј,
-7,-30,1,no,1,rt,1,rt,1,no,pr,жқ‘дёҠ,
-6,-30,1,rt,1,no,1,no,1,rt,ca,,
-3,-30,1,rt,1,no,1,rt,1,no,mi,,
0,-30,1,rt,1,rt,1,no,1,no,ca,,
1,-30,1,rt,1,no,1,rt,1,rt,pr,зұіжІў,
2,-30,1,no,2,rt,1,rt,1,no,pu,,
4,-30,2,rt,2,rt,1,no,2,rt,pr,зҷҪзҹі,
6,-30,2,rt,1,no,1,rt,2,rt,mi,,
12,-30,1,rt,1,no,1,rt,1,no,pr,зӣёйҰ¬,
-18,-29,1,no,1,sr,1,sr,1,no,ca,,
-17,-29,1,no,1,sr,1,no,1,sr,mi,,
-16,-29,1,no,1,sr,1,no,1,sr,mi,,
-15,-29,1,no,1,sr,1,no,1,sr,mi,,
-14,-29,1,no,1,sr,1,no,1,sr,mi,,
-13,-29,2,sr,1,no,2,sr,1,sr,mi,,
-7,-29,1,rt,1,no,1,rt,1,no,ca,,
-3,-29,1,rt,1,no,1,rt,1,no,mi,,
1,-29,1,rt,1,rt,1,rt,1,no,ca,,
2,-29,1,rt,1,rt,1,rt,1,rt,pr,зҰҸеі¶,
3,-29,1,no,1,rt,1,no,1,rt,ca,,
4,-29,1,no,1,rt,1,no,1,rt,ca,,
5,-29,1,no,1,rt,1,no,1,rt,mi,,
6,-29,1,rt,1,no,1,no,1,rt,ca,,
12,-29,1,rt,1,no,1,rt,1,no,pr,йЈҜйӨЁ,
-18,-28,1,sr,1,no,1,no,1,no,pr,дҪҗжёЎ,
-7,-28,1,rt,1,rt,1,rt,1,no,ca,,
-6,-28,1,no,1,rt,1,no,1,rt,ca,,
-5,-28,1,no,1,rt,1,no,1,rt,ca,,
-4,-28,1,no,1,rt,1,no,1,rt,ca,,
-3,-28,1,rt,1,rt,1,no,1,rt,mi,,
-2,-28,1,no,1,rt,1,no,1,rt,ca,,
-1,-28,1,no,1,rt,1,no,1,rt,ca,,
0,-28,1,no,1,no,1,rt,1,rt,pr,е–ңеӨҡж–№,
1,-28,1,rt,1,rt,1,no,1,no,ca,,
2,-28,1,rt,1,no,1,rt,1,rt,sh,дәҢжң¬жқҫ,
12,-28,1,rt,1,no,1,rt,1,no,pr,жөӘжұҹ,
-13,-27,2,sr,1,no,1,sr,1,no,mi,,
-10,-27,1,no,1,rt,1,rt,1,no,pr,ж–°зҷәз”°,
-9,-27,1,no,1,rt,1,no,1,rt,ca,,
-8,-27,1,no,1,rt,1,no,1,rt,ca,,
-7,-27,1,rt,1,no,1,no,1,rt,pr,иғҺеҶ…,
-2,-27,1,no,1,rt,1,rt,1,no,ca,,
-1,-27,1,no,1,no,1,rt,1,rt,ca,,
0,-27,1,rt,1,rt,1,rt,1,no,ca,,
1,-27,1,no,1,rt,1,no,1,rt,pr,зҢӘиӢ—д»Ј,
2,-27,1,rt,1,rt,1,rt,1,rt,pr,йғЎеұұ,
3,-27,1,no,1,rt,1,no,1,rt,pr,дёүжҳҘ,
4,-27,1,no,1,rt,1,no,1,rt,ca,,
5,-27,1,no,1,rt,1,no,1,rt,pu,,
6,-27,1,no,1,no,1,rt,1,rt,pu,,
12,-27,1,rt,1,no,1,rt,1,no,pu,,
-14,-26,1,no,1,rt,1,no,1,no,pr,й»’еҙҺ,
-13,-26,1,sr,1,rt,1,rt,1,rt,pr,ж–°жҪҹ,
-12,-26,1,no,1,rt,1,no,1,rt,ca,,
-11,-26,1,no,1,rt,1,no,1,rt,ca,,
-10,-26,1,rt,1,no,1,rt,1,rt,ca,,
-3,-26,1,no,1,rt,1,rt,1,no,mi,,
-2,-26,1,rt,1,no,1,no,1,rt,lo,жҹіжҙҘ,
-1,-26,1,rt,1,rt,1,no,1,no,ca,,
0,-26,1,rt,1,no,1,rt,1,rt,pr,дјҡжҙҘиӢҘжқҫ,
2,-26,1,rt,1,rt,2,rt,1,no,pr,й ҲиіҖе·қ,
3,-26,1,no,1,rt,1,no,1,rt,ca,,
4,-26,1,no,1,no,1,rt,1,rt,pu,,
6,-26,1,rt,1,rt,1,no,1,no,mi,,
7,-26,1,no,1,rt,1,no,1,rt,pu,,
8,-26,1,no,1,rt,1,no,1,rt,pu,,
9,-26,1,no,1,rt,1,no,1,rt,mi,,
10,-26,1,no,1,rt,1,no,1,rt,mi,,
11,-26,1,no,1,rt,1,no,1,rt,pu,,
12,-26,1,rt,1,no,1,rt,1,rt,pu,,
-13,-25,1,rt,1,rt,1,no,1,rt,pr,ж–°жҙҘ,
-12,-25,1,no,1,rt,1,no,1,rt,ca,,
-11,-25,1,no,1,rt,1,rt,1,rt,ca,,
-10,-25,1,rt,1,no,1,no,1,rt,ca,,
-4,-25,1,no,1,rt,1,rt,1,no,mi,,
-3,-25,1,rt,1,no,1,no,1,rt,mi,,
0,-25,1,rt,1,no,1,no,1,no,pr,еӨ§еҶ…е®ҝ,
4,-25,1,rt,1,no,1,rt,1,no,ca,,
12,-25,1,rt,1,no,1,rt,1,no,pr,гҒ„гӮҸгҒҚ,
-18,-24,1,no,1,rt,1,rt,1,no,pr,еҮәйӣІеҙҺ,
-17,-24,1,no,1,rt,1,no,1,rt,pr,еҜәжіҠ,
-16,-24,1,no,1,rt,1,no,1,rt,he,ејҘеҪҰ,
-15,-24,1,no,1,rt,1,rt,1,rt,mi,,
-14,-24,1,rt,1,rt,1,no,1,rt,pr,дә”жіү,
-13,-24,1,no,1,no,1,rt,1,rt,pu,,
-12,-24,1,no,1,rt,1,rt,1,no,mi,,
-11,-24,1,rt,1,no,1,no,1,rt,mi,,
-5,-24,1,no,1,rt,1,rt,1,no,mi,,
-4,-24,1,rt,1,no,1,no,1,rt,mi,,
2,-24,2,rt,1,no,1,rt,1,no,pr,зҷҪжІі,
4,-24,1,rt,1,rt,1,no,1,no,ca,,
5,-24,1,no,1,rt,1,no,1,rt,ca,,
6,-24,1,no,1,rt,1,no,1,rt,du,жЈҡеҖү,
7,-24,1,no,1,rt,1,no,1,rt,ca,,
8,-24,1,no,1,rt,1,no,1,rt,ca,,
10,-24,1,no,1,no,1,rt,1,rt,ca,,
12,-24,1,rt,1,no,1,rt,1,no,mi,,
-35,-23,1,no,1,no,1,rt,1,no,pr,зҸ жҙІ,
-20,-23,1,no,1,rt,1,rt,1,no,pr,дёҠи¶Ҡ,
-19,-23,1,no,1,rt,1,no,1,rt,lo,й ёеҹҺ,
-18,-23,1,rt,1,rt,1,no,1,rt,pr,жҹҸеҙҺ,
-17,-23,1,no,1,rt,1,rt,1,rt,pr,й•·еІЎ,
-16,-23,1,no,1,rt,1,no,1,rt,ca,,
-15,-23,1,rt,1,no,1,no,1,rt,pr,зҮ•дёүжқЎ,
-13,-23,1,rt,1,rt,1,rt,1,no,mi,,
-12,-23,1,rt,1,rt,1,no,1,rt,pr,еҸӘиҰӢ,
-11,-23,1,no,1,rt,1,no,1,rt,ca,,
-10,-23,1,no,1,rt,1,no,1,rt,ca,,
-9,-23,1,no,2,rt,1,no,1,rt,ca,,
-7,-23,1,no,1,rt,1,no,2,rt,mi,,
-6,-23,1,no,1,rt,1,no,1,rt,mi,,
-5,-23,1,rt,1,no,1,no,1,rt,mi,,
1,-23,1,no,1,rt,1,no,1,no,pr,й»’зЈҜ,
2,-23,1,rt,1,no,1,rt,1,rt,pr,йӮЈй Ҳ,
10,-23,1,rt,1,no,1,rt,1,no,sh,иўӢз”°,
12,-23,1,rt,1,no,1,rt,1,no,pr,еҢ—иҢЁеҹҺ,
-36,-22,1,no,1,no,1,rt,1,no,pr,ијӘеі¶,
-35,-22,1,rt,1,no,1,rt,1,no,mi,,
-20,-22,1,rt,1,no,1,rt,1,no,pr,зӣҙжұҹжҙҘ,
-17,-22,1,rt,1,rt,1,no,1,no,pr,е°ҸеҚғи°·,
-16,-22,1,no,1,rt,2,rt,1,rt,pr,йӯҡжІј,
-15,-22,1,no,1,rt,1,no,1,rt,ca,,
-14,-22,1,no,1,rt,1,no,1,rt,ca,,
-13,-22,1,rt,1,no,1,no,1,rt,ca,,
1,-22,1,no,1,rt,1,no,1,no,pr,еЎ©еҺҹ,
2,-22,1,rt,1,no,2,rt,1,rt,ca,,
10,-22,1,rt,1,no,1,rt,1,no,pr,еҘҘд№…ж…Ҳ,
12,-22,1,rt,1,no,1,rt,1,no,pr,й«ҳиҗ©,
-36,-21,1,rt,1,rt,1,rt,1,no,ca,,
-35,-21,1,rt,1,no,1,no,1,rt,he,иғҪзҷ»,
-24,-21,1,no,1,rt,1,rt,1,no,ca,,
-23,-21,1,no,1,rt,1,rt,1,rt,pr,зіёйӯҡе·қ,
-22,-21,1,no,2,rt,1,no,1,rt,pr,иғҪз”ҹ,
-20,-21,1,rt,1,no,1,rt,2,rt,pu,,
-13,-21,1,no,1,no,2,rt,1,no,pr,и¶ҠеҫҢж№ҜжІў,
-8,-21,1,no,1,no,1,rt,1,no,pr,и°·е·қ,
0,-21,1,no,1,no,1,rt,1,no,pr,ж№ҜиҘҝе·қ,
10,-21,1,rt,1,no,1,rt,1,no,mi,,
12,-21,1,rt,1,no,1,rt,1,no,pr,ж—Ҙз«Ӣ,
-36,-20,1,rt,1,no,1,rt,1,no,ca,,
-27,-20,1,no,1,rt,1,rt,1,no,pr,йӯҡжҙҘ,
-26,-20,1,no,2,rt,1,rt,1,rt,pr,й»’йғЁ,
-24,-20,1,rt,1,no,1,no,2,rt,ca,,
-23,-20,1,rt,1,no,1,rt,1,no,pu,,
-20,-20,1,rt,1,no,1,rt,1,no,pr,йҮҺжІўжё©жіү,
-16,-20,2,rt,1,no,1,rt,1,no,pr,еӣӣдёҮ,
-8,-20,1,rt,1,no,1,rt,1,no,ca,,
0,-20,1,rt,1,no,1,rt,1,no,pr,й¬јжҖ’е·қ,
2,-20,2,rt,1,rt,1,rt,1,no,ca,,
3,-20,1,no,1,no,1,rt,1,rt,pr,еӨ§з”°еҺҹ,
10,-20,1,rt,1,rt,1,no,1,no,ca,,
11,-20,1,no,1,rt,1,rt,1,rt,he,еӨ©дёӢйҮҺ,
12,-20,1,rt,1,no,1,rt,1,rt,ca,,
-36,-19,1,rt,1,rt,1,no,1,no,mi,,
-35,-19,1,no,1,no,1,rt,1,rt,pr,е’ҢеҖүжё©жіү,
-31,-19,1,no,1,no,1,rt,1,no,pr,ж°·иҰӢ,
-29,-19,1,no,1,no,1,rt,1,no,pr,еІ©зҖ¬жөң,
-28,-19,1,no,1,rt,1,rt,1,no,pr,ж»‘е·қ,
-27,-19,1,rt,1,no,1,no,1,rt,ca,,
-26,-19,1,rt,1,no,1,no,1,no,pr,е®ҮеҘҲжңҲ,
-23,-19,1,rt,1,rt,1,rt,1,no,pr,зҷҪйҰ¬,
-22,-19,1,no,1,no,1,rt,1,rt,pr,еӨ§з”ә,
-20,-19,1,rt,1,no,1,rt,1,no,pr,йЈҜеұұ,
-16,-19,1,rt,3,rt,1,no,1,no,ca,,
-13,-19,2,rt,1,no,1,rt,3,rt,ca,,
-9,-19,1,no,1,rt,1,rt,1,no,pr,дёҠжҜӣй«ҳеҺҹ,
-8,-19,1,rt,1,no,1,no,1,rt,pr,ж°ҙдёҠжё©жіү,
0,-19,1,rt,1,no,1,rt,1,no,ca,,
2,-19,1,rt,1,no,1,rt,1,no,mi,,
3,-19,1,rt,1,no,1,rt,1,no,pr,гҒ•гҒҸгӮү,
11,-19,1,rt,1,no,1,rt,1,no,mi,,
12,-19,1,rt,1,no,1,rt,1,no,ca,,
-36,-18,1,no,1,rt,1,rt,1,no,pu,,
-35,-18,1,rt,1,no,1,no,1,rt,pr,дёғе°ҫ,
-32,-18,1,no,1,rt,1,rt,1,no,ca,,
-31,-18,1,rt,1,rt,1,rt,1,rt,pr,й«ҳеІЎ,
-30,-18,1,no,1,rt,1,no,1,rt,pr,е°„ж°ҙ,
-29,-18,1,rt,1,rt,1,rt,1,rt,pr,еҜҢеұұ,
-28,-18,1,rt,1,no,1,no,1,rt,ca,,
-23,-18,1,rt,1,no,1,rt,1,no,pu,,
-22,-18,1,rt,1,no,1,rt,1,no,pu,,
-20,-18,1,rt,1,no,1,rt,1,no,pr,е°Ҹеёғж–Ҫ,
-18,-18,1,no,1,rt,1,rt,1,no,pr,е¬¬жҒӢ,
-17,-18,1,no,1,rt,1,no,1,rt,pr,иҚүжҙҘ,
-16,-18,1,no,1,rt,1,no,1,rt,ca,,
-15,-18,1,no,1,rt,1,no,1,rt,mi,,
-14,-18,1,no,1,rt,1,no,1,rt,mi,,
-13,-18,1,rt,1,rt,1,no,1,rt,du,дёӯд№ӢжқЎ,
-12,-18,1,no,1,no,1,rt,1,rt,mi,,
-9,-18,1,rt,1,no,1,rt,1,no,ca,,
-5,-18,1,no,1,rt,1,no,1,no,pr,дёӯзҰ…еҜәж№–,
-4,-18,1,no,1,rt,1,rt,1,rt,pr,ж—Ҙе…ү,
-3,-18,1,no,1,rt,1,no,1,rt,mi,,
-2,-18,1,no,1,rt,1,no,1,rt,mi,,
-1,-18,1,no,1,rt,1,no,1,rt,pu,,
0,-18,1,rt,1,no,1,rt,1,rt,pr,д»ҠеёӮ,
2,-18,1,rt,1,rt,1,rt,1,no,ca,,
3,-18,1,rt,1,rt,1,no,1,rt,pu,,
4,-18,1,no,1,rt,1,no,1,rt,ca,,
5,-18,1,no,1,no,1,no,1,rt,pr,зғҸеұұ,
11,-18,1,rt,1,no,1,rt,1,no,pr,еёёйҷёеӨӘз”°,
12,-18,1,rt,1,no,1,rt,1,no,ca,,
-36,-17,1,rt,1,no,1,rt,1,no,pr,зҫҪе’Ӣ,
-33,-17,1,no,1,rt,1,rt,1,no,pu,,
-32,-17,1,rt,1,no,1,no,1,rt,pr,з әжіў,
-31,-17,1,rt,1,no,1,rt,1,no,mi,,
-29,-17,1,rt,1,no,1,rt,1,no,mi,,
-23,-17,1,rt,1,no,1,rt,1,no,mi,,
-22,-17,1,rt,1,rt,1,no,1,no,mi,,
-21,-17,1,no,1,rt,1,rt,1,rt,pr,й•·йҮҺ,
-20,-17,1,rt,1,no,1,no,1,rt,pr,й ҲеқӮ,
-18,-17,1,rt,1,no,2,rt,1,no,pu,,
-12,-17,1,rt,2,rt,1,no,1,no,ca,,
-10,-17,1,no,1,no,1,rt,2,rt,ca,,
-9,-17,1,rt,1,no,1,rt,1,no,pr,жІјз”°,
-4,-17,1,rt,1,no,1,rt,1,no,mi,,
0,-17,1,rt,1,rt,1,rt,1,no,pu,,
1,-17,1,no,1,rt,1,no,1,rt,pr,еӨ§и°·,
2,-17,1,rt,1,no,2,rt,1,rt,pr,е®ҮйғҪе®®,
10,-17,1,no,1,rt,1,rt,1,no,pu,,
11,-17,1,rt,1,no,1,no,1,rt,ca,,
12,-17,1,rt,1,no,1,rt,1,no,ca,,
-36,-16,1,rt,1,rt,1,no,1,no,pr,гҒӢгҒ»гҒҸ,
-35,-16,1,no,2,rt,2,rt,1,rt,mi,,
-33,-16,1,rt,1,no,1,no,2,rt,pr,е°ҸзҹўйғЁ,
-31,-16,1,rt,1,no,1,rt,1,no,mi,,
-29,-16,1,rt,1,no,1,rt,1,no,mi,,
-23,-16,1,rt,1,no,1,rt,1,no,pr,е®үжӣҮйҮҺ,
-22,-16,1,no,1,rt,1,rt,1,no,mi,,
-21,-16,1,rt,1,rt,1,no,1,rt,pr,еҚғжӣІ,
-20,-16,1,no,1,no,1,rt,1,rt,pu,,
-10,-16,1,rt,1,rt,1,no,1,no,pr,дјҠйҰҷдҝқ,
-9,-16,1,rt,1,no,1,rt,1,rt,pr,жёӢе·қ,
-4,-16,1,rt,1,no,1,rt,1,no,mi,,
0,-16,1,rt,1,no,1,rt,1,no,pr,й№ҝжІј,
10,-16,1,rt,1,no,1,rt,1,no,pu,,
12,-16,1,rt,1,no,1,rt,1,no,ca,,
-36,-15,1,no,1,no,1,rt,1,no,sh,еҶ…зҒҳ,
-31,-15,1,rt,1,no,1,rt,1,no,mi,,
-29,-15,1,rt,1,no,1,rt,1,no,pr,е…«е°ҫ,
-23,-15,1,rt,1,rt,1,rt,1,no,ca,,
-22,-15,1,rt,1,no,1,no,1,rt,pr,жқҫжң¬,
-20,-15,1,rt,1,rt,1,rt,1,no,pr,дёҠз”°,
-19,-15,1,no,1,rt,1,rt,1,rt,pr,е°Ҹи«ё,
-18,-15,2,rt,2,rt,1,no,1,rt,pr,и»Ҫдә•жІў,
-16,-15,1,no,1,no,1,rt,2,rt,pu,,
-10,-15,1,no,1,rt,1,rt,1,no,pu,,
-9,-15,1,rt,1,no,1,no,1,rt,mi,,
-6,-15,1,no,1,rt,1,rt,1,no,pr,гҒҝгҒ©гӮҠ,
-5,-15,1,no,1,rt,1,no,1,rt,mi,,
-4,-15,1,rt,1,no,1,no,1,rt,pu,,
0,-15,1,rt,1,no,1,rt,1,no,ca,,
1,-15,1,no,1,rt,3,rt,1,no,ca,,
2,-15,2,rt,1,no,1,no,1,rt,ca,,
10,-15,1,rt,1,no,1,rt,1,no,pu,,
12,-15,1,rt,1,no,1,rt,1,no,ca,,
-36,-14,1,rt,1,rt,1,rt,1,no,mi,,
-35,-14,2,rt,1,rt,1,no,1,rt,pr,йҮ‘жІў,
-34,-14,1,no,1,rt,1,no,1,rt,pr,йҰҷжһ—еқҠ,
-33,-14,1,no,1,no,1,no,1,rt,pr,иҢ¶еұӢиЎ—,
-31,-14,1,rt,1,no,1,no,1,no,pr,еҹҺз«Ҝ,
-29,-14,1,rt,1,no,1,rt,1,no,mi,,
-27,-14,1,no,2,rt,2,rt,1,no,mi,,
-25,-14,1,no,2,rt,1,no,2,rt,mi,,
-23,-14,1,rt,1,no,1,rt,2,rt,pr,еЎ©е°»,
-21,-14,1,no,1,rt,1,no,1,no,pr,еҲҘжүҖ,
-20,-14,1,rt,1,no,1,no,1,rt,ca,,
-19,-14,1,rt,1,no,1,rt,1,no,ca,,
-16,-14,1,rt,3,rt,1,no,1,no,pu,,
-13,-14,1,no,3,rt,1,no,3,rt,pr,е®үдёӯжҰӣеҗҚ,
-10,-14,1,rt,1,no,1,rt,3,rt,mi,,
-7,-14,1,no,1,rt,1,rt,1,no,ca,,
-6,-14,1,rt,1,rt,1,no,1,rt,pr,жЎҗз”ҹ,
-5,-14,1,no,1,no,1,rt,1,rt,pu,,
-3,-14,1,no,1,no,1,rt,1,no,sh,и‘ӣз”ҹ,
0,-14,1,rt,1,no,1,rt,1,no,pr,еЈ¬з”ҹ,
4,-14,1,no,1,rt,1,rt,1,no,ca,,
5,-14,1,no,1,no,1,no,1,rt,pr,иҢӮжңЁ,
10,-14,1,rt,1,rt,1,no,1,no,mi,,
11,-14,1,no,1,no,1,rt,1,rt,pu,,
12,-14,1,rt,1,no,1,rt,1,no,ca,,
-37,-13,1,no,1,rt,1,rt,1,no,pu,,
-36,-13,1,rt,1,no,1,no,1,rt,mi,,
-29,-13,1,rt,1,no,1,rt,1,no,mi,,
-23,-13,1,rt,1,no,1,rt,1,no,pr,еІЎи°·,
-19,-13,1,rt,1,rt,1,no,1,no,ca,,
-18,-13,1,no,1,no,1,rt,1,rt,pr,дҪҗд№…,
-15,-13,1,no,1,rt,1,no,1,no,pr,жЁӘе·қ,
-14,-13,1,no,1,rt,1,no,1,rt,mi,,
-13,-13,1,no,1,rt,1,no,1,rt,pr,е®үдёӯ,
-12,-13,1,no,1,rt,1,no,1,rt,ca,,
-11,-13,1,no,1,rt,1,no,1,rt,ca,,
-10,-13,1,rt,1,rt,1,rt,1,rt,pr,й«ҳеҙҺ,
-9,-13,1,no,1,rt,1,no,1,rt,pr,еүҚж©Ӣ,
-8,-13,1,no,1,rt,1,no,1,rt,ca,,
-7,-13,1,rt,1,no,1,no,1,rt,pr,дјҠеӢўеҙҺ,
-5,-13,1,rt,1,rt,1,rt,1,no,pr,и¶іеҲ©,
-4,-13,1,no,1,rt,1,no,1,rt,ca,,
-3,-13,1,rt,1,rt,1,rt,1,rt,pr,дҪҗйҮҺ,
-2,-13,1,no,1,rt,1,no,1,rt,ca,,
-1,-13,1,no,1,rt,1,no,1,rt,pu,,
0,-13,1,rt,1,no,1,rt,1,rt,pr,ж ғжңЁ,
3,-13,1,no,1,rt,1,rt,1,no,pr,зңҹеІЎ,
4,-13,1,rt,1,no,1,no,1,rt,pr,зӣҠеӯҗ,
11,-13,1,rt,1,no,1,rt,1,no,pu,,
12,-13,1,rt,1,no,1,rt,1,no,du,иҷҺеЎҡ,
-37,-12,1,rt,1,no,1,rt,1,no,pr,е°Ҹжқҫ,
-29,-12,1,rt,1,no,1,rt,1,no,mi,,
-27,-12,2,rt,1,no,2,rt,1,no,mi,,
-25,-12,1,no,2,rt,2,rt,1,no,mi,,
-23,-12,1,rt,1,rt,1,no,2,rt,pr,и«ҸиЁӘ,
-22,-12,1,no,1,rt,1,rt,1,rt,pr,иҢ…йҮҺ,
-21,-12,1,no,1,rt,1,no,1,rt,pr,зҷҪжЁәж№–,
-20,-12,1,no,1,no,1,no,1,rt,pr,и“јз§‘,
-18,-12,1,rt,1,no,1,rt,1,no,pu,,
-14,-12,1,no,1,rt,1,no,1,no,pr,дёӢд»Ғз”°,
-13,-12,1,no,1,rt,1,no,1,rt,pr,еҜҢеІЎ,
-12,-12,1,no,1,rt,1,no,1,rt,ca,,
-11,-12,1,no,1,rt,1,no,1,rt,ca,,
-10,-12,1,rt,1,rt,1,rt,1,rt,ca,,
-9,-12,1,no,1,rt,1,no,1,rt,pr,жң¬еә„,
-8,-12,1,no,1,rt,1,no,1,rt,pr,ж·ұи°·,
-7,-12,1,no,1,no,1,rt,1,rt,pr,зҶҠи°·,
-5,-12,1,rt,1,rt,1,no,1,no,pr,еӨӘз”°,
-4,-12,1,no,1,rt,1,no,1,rt,pu,,
-3,-12,1,rt,1,rt,1,rt,1,rt,pr,йӨЁжһ—,
-2,-12,1,no,1,no,1,no,1,rt,pr,жқҝеҖү,
0,-12,1,rt,1,rt,1,no,1,no,ca,,
1,-12,3,rt,1,rt,2,rt,1,rt,pr,е°Ҹеұұ,
2,-12,1,no,1,rt,1,no,1,rt,pr,зөҗеҹҺ,
3,-12,1,rt,1,rt,1,rt,1,rt,mi,,
4,-12,1,no,1,rt,1,no,1,rt,mi,,
5,-12,1,no,1,rt,1,no,1,rt,pr,жЎңе·қ,
6,-12,1,no,1,rt,1,no,1,rt,mi,,
7,-12,1,no,1,rt,1,no,1,rt,ca,,
8,-12,1,no,1,rt,1,no,1,rt,pr,з¬ й–“,
9,-12,1,no,1,rt,1,rt,1,rt,mi,,
10,-12,1,no,1,rt,1,no,1,rt,mi,,
11,-12,1,rt,1,rt,1,rt,1,rt,pr,ж°ҙжҲё,
12,-12,1,rt,1,no,1,no,1,rt,pr,гҒІгҒҹгҒЎгҒӘгҒӢ,
-41,-11,1,no,1,rt,1,no,1,no,pr,жқұе°ӢеқҠ,
-40,-11,1,no,1,rt,1,no,1,rt,pr,дёүеӣҪ,
-39,-11,1,no,1,no,1,rt,1,rt,pr,гҒӮгӮҸгӮү,
-38,-11,1,no,1,rt,1,rt,1,no,pr,еҠ иіҖ,
-37,-11,1,rt,1,no,1,no,1,rt,mi,,
-29,-11,1,rt,1,no,1,rt,1,no,pr,зҷҪе·қйғ·,
-22,-11,1,rt,2,rt,1,rt,1,no,pu,,
-20,-11,1,no,2,rt,1,no,2,rt,ca,,
-18,-11,1,rt,1,no,1,no,2,rt,ca,,
-10,-11,1,rt,1,no,1,rt,1,no,pr,и—ӨеІЎ,
-7,-11,1,rt,2,rt,1,no,1,no,pr,иЎҢз”°,
-5,-11,1,no,1,no,1,rt,2,rt,ca,,
-4,-11,1,no,1,rt,1,rt,1,no,pr,еҠ й Ҳ,
-3,-11,1,rt,1,no,1,no,1,rt,ca,,
3,-11,1,rt,1,no,1,rt,1,no,pu,,
9,-11,1,rt,1,no,1,rt,1,no,ca,,
11,-11,1,rt,1,rt,1,no,1,no,pu,,
12,-11,1,no,1,no,1,rt,1,rt,pr,еӨ§жҙ—,
-39,-10,1,rt,1,rt,1,rt,1,no,pr,еқӮдә•,
-38,-10,1,rt,1,no,1,no,1,rt,ca,,
-29,-10,1,rt,1,no,1,rt,1,no,mi,,
-27,-10,2,rt,1,no,2,rt,1,no,mi,,
-25,-10,2,rt,1,no,2,rt,1,no,mi,,
-22,-10,1,rt,1,rt,1,no,1,no,pu,,
-21,-10,1,no,1,no,1,rt,1,rt,ca,,
-15,-10,1,no,1,rt,1,rt,1,no,pr,й•·зҖһ,
-14,-10,1,no,1,rt,1,no,1,rt,pr,еҜ„еұ…,
-13,-10,1,no,1,rt,1,no,1,rt,ca,,
-12,-10,1,no,1,rt,1,no,1,rt,ca,,
-11,-10,1,no,1,no,1,rt,1,rt,pu,,
-10,-10,1,rt,1,rt,1,rt,1,no,ca,,
-9,-10,1,no,1,rt,1,no,1,rt,ca,,
-8,-10,1,no,1,no,1,rt,1,rt,pr,жқұжқҫеұұ,
-5,-10,1,rt,1,rt,1,no,1,no,pr,жЎ¶е·қ,
-4,-10,1,rt,4,rt,1,rt,1,rt,pr,дёҠе°ҫ,
0,-10,1,no,1,rt,1,rt,4,rt,pu,,
1,-10,2,rt,1,no,1,no,1,rt,pr,еҸӨжІі,
3,-10,1,rt,1,no,1,no,1,no,pr,дёӢеҰ»,
9,-10,1,rt,1,rt,1,rt,1,no,ca,,
10,-10,1,no,1,rt,1,no,1,rt,pr,е°ҸзҫҺзҺү,
11,-10,1,no,1,rt,1,no,1,rt,pu,,
12,-10,1,rt,1,no,1,rt,1,rt,ca,,
-39,-9,1,rt,1,rt,1,rt,1,no,pr,зҰҸдә•,
-38,-9,1,no,1,rt,1,rt,1,rt,ca,,
-37,-9,1,no,1,rt,1,no,1,rt,pr,ж°ёе№іеҜә,
-36,-9,1,no,1,no,1,no,1,rt,pr,еӢқеұұ,
-29,-9,1,rt,1,no,1,rt,1,no,pr,йЈӣйЁЁ,
-21,-9,1,rt,1,no,1,rt,1,no,ca,,
-15,-9,1,rt,1,rt,1,no,1,no,pr,з§©зҲ¶,
-14,-9,1,no,1,rt,1,no,1,rt,ca,,
-13,-9,1,no,1,rt,1,no,1,rt,ca,,
-12,-9,1,no,1,rt,1,no,1,rt,ca,,
-11,-9,1,rt,1,rt,1,no,1,rt,pu,,
-10,-9,1,rt,1,rt,1,rt,1,rt,pr,ж—Ҙй«ҳ,
-9,-9,1,no,1,rt,1,no,1,rt,pu,,
-8,-9,1,rt,1,rt,1,no,1,rt,mi,,
-7,-9,1,no,1,rt,1,rt,1,rt,pr,е·қи¶Ҡ,
-6,-9,1,no,1,rt,1,no,1,rt,mi,,
-5,-9,1,no,1,rt,1,no,1,rt,ca,,
-4,-9,1,rt,1,no,1,rt,1,rt,pr,гҒ•гҒ„гҒҹгҒҫ,
-3,-9,1,no,1,rt,1,rt,1,no,mi,,
-2,-9,1,no,1,rt,1,no,1,rt,pr,д№…е–ң,
-1,-9,1,no,1,rt,1,no,1,rt,pu,,
0,-9,1,rt,1,rt,1,no,1,rt,pr,йҮҺз”°,
1,-9,1,no,1,rt,1,no,1,rt,ca,,
2,-9,1,no,1,no,1,rt,1,rt,ca,,
4,-9,1,no,1,rt,1,no,1,no,pr,еқӮжқұ,
5,-9,1,no,1,rt,1,no,1,rt,pr,гҒӨгҒҸгҒ°,
6,-9,1,no,1,rt,1,rt,1,rt,pr,еңҹжөҰ,
7,-9,1,no,1,rt,1,no,1,rt,ca,,
8,-9,1,no,1,rt,1,no,1,rt,pr,гҒӢгҒҷгҒҝгҒҢгҒҶгӮү,
9,-9,1,rt,1,no,1,no,1,rt,ca,,
12,-9,1,rt,1,no,1,rt,1,no,pr,йүҫз”°,
-39,-8,1,rt,1,no,1,rt,1,no,pr,йҜ–жұҹ,
-38,-8,1,rt,1,rt,1,no,1,no,sh,дёҖд№—и°·,
-36,-8,1,no,1,rt,1,no,1,rt,pr,и¶ҠеүҚеӨ§йҮҺ,
-35,-8,1,no,1,no,1,no,1,rt,pr,д№қй ӯз«ң,
-29,-8,1,rt,1,no,1,rt,1,no,pr,й«ҳеұұ,
-27,-8,2,rt,1,no,2,rt,1,no,mi,,
-25,-8,2,rt,1,no,2,rt,1,no,mi,,
-21,-8,1,rt,1,no,1,rt,1,no,pu,,
-11,-8,1,no,1,rt,1,rt,1,no,pr,йЈҜи„і,
-10,-8,1,rt,1,no,1,no,1,rt,ca,,
-9,-8,1,no,1,rt,1,rt,1,no,pr,зӢӯеұұ,
-8,-8,1,no,1,rt,1,no,1,rt,mi,,
-7,-8,1,rt,1,rt,1,no,1,rt,mi,,
-6,-8,1,no,1,no,1,rt,1,rt,ca,,
-4,-8,1,rt,1,rt,1,rt,1,no,pr,жөҰе’Ң,
-3,-8,1,rt,1,rt,1,no,1,rt,mi,,
-2,-8,1,no,1,rt,1,no,1,rt,pu,,
-1,-8,1,no,1,rt,1,no,1,rt,pu,,
0,-8,1,no,1,rt,1,no,1,rt,ca,,
1,-8,1,no,1,rt,1,no,1,rt,ca,,
2,-8,1,rt,1,rt,1,rt,1,rt,ca,,
3,-8,1,no,1,rt,1,no,1,rt,pr,жҹҸ,
4,-8,1,no,1,rt,1,no,1,rt,pr,жҲ‘еӯ«еӯҗ,
5,-8,1,no,1,rt,1,no,1,rt,pr,еҸ–жүӢ,
6,-8,1,rt,1,no,1,rt,1,rt,ca,,
12,-8,1,rt,1,no,1,rt,1,no,pr,й№ҝе¶Ӣ,
-64,-7,1,no,1,rt,1,rt,1,no,ca,,
-39,-7,1,rt,1,no,3,rt,1,no,pr,и¶ҠеүҚ,
-29,-7,1,rt,1,no,1,rt,1,no,pu,,
-21,-7,1,rt,1,no,1,rt,1,no,pu,,
-15,-7,1,no,1,rt,1,no,1,no,pr,еҘҘеӨҡж‘©,
-14,-7,1,no,1,rt,1,no,1,rt,pr,йқ’жў…,
-13,-7,1,no,1,no,1,rt,1,rt,mi,,
-11,-7,1,rt,1,no,1,rt,1,no,ca,,
-9,-7,1,rt,1,no,1,rt,1,no,pr,е…Ҙй–“,
-6,-7,1,rt,1,no,1,rt,1,no,ca,,
-4,-7,1,rt,2,rt,1,rt,1,no,pr,е·қеҸЈ,
-2,-7,1,no,1,no,2,rt,2,rt,ca,,
2,-7,1,rt,1,no,1,rt,1,no,pr,жқҫжҲё,
6,-7,1,rt,1,rt,1,rt,1,no,pr,зүӣд№…,
7,-7,1,no,1,rt,1,no,1,rt,pu,,
8,-7,1,no,1,rt,1,no,1,rt,pr,зЁІж•·,
9,-7,1,no,1,no,1,rt,1,rt,ca,,
11,-7,1,no,1,rt,1,no,1,no,pr,иЎҢж–№,
12,-7,1,rt,1,no,1,rt,1,rt,pr,жҪ®жқҘ,
-76,-6,1,no,1,rt,2,rt,1,no,pu,,
-74,-6,1,no,1,rt,1,no,1,rt,pu,,
-73,-6,1,no,1,rt,1,no,1,rt,ca,,
-71,-6,1,no,1,rt,1,no,1,rt,mi,,
-65,-6,1,no,1,rt,1,rt,1,no,pu,,
-62,-6,1,rt,1,no,1,rt,1,no,ca,,
-29,-6,1,rt,1,no,1,rt,1,no,pu,,
-27,-6,2,rt,1,no,2,rt,1,no,mi,,
-25,-6,2,rt,1,no,2,rt,1,no,mi,,
-21,-6,1,rt,1,rt,1,no,1,no,pr,е°Ҹж·өжІў,
-20,-6,1,no,1,rt,1,no,1,rt,pu,,
-19,-6,1,no,1,no,2,rt,1,rt,pr,жё…йҮҢ,
-14,-6,1,no,1,rt,1,no,1,no,pr,гҒӮгҒҚгӮӢйҮҺ,
-13,-6,1,rt,1,rt,1,no,1,rt,pu,,
-12,-6,1,no,1,rt,1,rt,1,rt,ca,,
-11,-6,1,rt,1,rt,1,no,1,rt,sh,зҰҸз”ҹ,
-10,-6,1,no,1,no,1,rt,1,rt,mi,,
-9,-6,1,rt,1,no,1,rt,1,no,pr,жүҖжІў,
-6,-6,1,rt,1,rt,1,no,1,no,ca,,
-5,-6,1,no,1,rt,1,no,1,rt,ca,,
-4,-6,1,rt,1,no,1,rt,1,rt,pr,жұ иўӢ,
1,-6,1,no,1,rt,1,rt,1,no,pr,еҢ—еҚғдҪҸ,
2,-6,1,rt,1,no,1,no,1,rt,pu,,
6,-6,1,rt,1,no,1,no,1,no,pr,з«ңгғ¶еҙҺ,
9,-6,1,rt,1,rt,1,rt,1,no,ca,,
10,-6,1,no,1,rt,1,no,1,rt,ca,,
11,-6,1,no,1,rt,1,no,1,rt,pr,дҪҗеҺҹ,
12,-6,1,rt,1,rt,1,no,1,rt,pr,йҰҷеҸ–,
13,-6,1,no,1,rt,1,no,1,rt,pu,,
14,-6,1,no,1,rt,1,rt,1,rt,pr,зҘһж –,
15,-6,1,no,1,rt,1,no,1,rt,pr,йҠҡеӯҗ,
16,-6,1,no,1,no,1,no,1,rt,ca,,
-72,-5,1,rt,1,no,1,rt,1,no,mi,,
-68,-5,1,rt,1,rt,1,no,1,no,mi,,
-65,-5,1,rt,1,no,1,no,1,rt,mi,,
-62,-5,1,rt,1,no,1,no,1,rt,ca,,
-34,-5,1,no,1,no,1,rt,1,no,sh,еҢ—жҝғ,
-29,-5,1,rt,1,no,1,rt,1,no,pu,,
-12,-5,1,rt,1,no,1,rt,1,no,pu,,
-10,-5,1,rt,1,no,1,rt,1,no,mi,,
-9,-5,1,rt,1,rt,1,no,1,no,ca,,
-8,-5,1,no,1,rt,1,no,1,rt,ca,,
-7,-5,1,no,1,rt,1,no,1,rt,pr,дёҠдә•иҚү,
-6,-5,1,no,1,rt,1,no,1,rt,sh,й·әе®®,
-5,-5,1,no,1,rt,1,no,1,rt,mi,,
-4,-5,1,rt,1,no,1,rt,1,rt,pr,й«ҳз”°йҰ¬е ҙ,
-2,-5,2,rt,2,rt,1,no,1,no,ca,,
0,-5,1,no,1,rt,2,rt,2,rt,pr,дёҠйҮҺ,
1,-5,1,rt,1,rt,1,no,1,rt,pr,жө…иҚү,
2,-5,1,no,1,no,1,no,1,rt,pr,жҠјдёҠ,
9,-5,1,rt,1,rt,2,rt,1,no,ca,,
10,-5,1,no,1,no,1,no,1,rt,ai,жҲҗз”°з©әжёҜ,
12,-5,1,no,1,rt,2,rt,1,no,mi,,
13,-5,1,no,1,rt,1,no,1,rt,pr,ж—ӯ,
14,-5,1,rt,1,no,1,no,1,rt,ca,,
-89,-4,1,no,1,sr,1,no,1,sr,mi,,
-88,-4,1,sr,1,no,1,sr,1,sr,mi,,
-76,-4,2,rt,1,no,1,rt,1,no,mi,,
-51,-4,1,no,1,rt,1,no,1,rt,pu,,
-49,-4,1,no,1,rt,1,no,1,rt,mi,,
-48,-4,1,no,1,rt,1,rt,1,rt,pu,,
-46,-4,1,no,1,rt,1,no,1,rt,pu,,
-45,-4,1,no,1,rt,1,rt,1,rt,pu,,
-44,-4,1,no,1,rt,1,no,1,rt,mi,,
-43,-4,1,no,1,rt,1,no,1,rt,mi,,
-42,-4,1,no,1,rt,1,no,1,rt,mi,,
-41,-4,1,no,1,rt,1,no,1,rt,pr,ж•ҰиіҖ,
-40,-4,1,no,1,rt,1,no,1,rt,ca,,
-39,-4,3,rt,1,no,1,rt,1,rt,he,ж°—жҜ”,
-34,-4,1,rt,1,no,1,rt,1,no,ca,,
-32,-4,1,no,2,rt,1,rt,1,no,pu,,
-30,-4,1,no,1,rt,1,no,2,rt,pu,,
-29,-4,1,rt,1,no,1,no,1,rt,pr,дёӢе‘Ӯ,
-27,-4,2,rt,1,no,2,rt,1,no,pr,еҘҲиүҜдә•,
-25,-4,2,rt,1,no,2,rt,1,no,mi,,
-19,-4,2,rt,1,no,1,rt,1,no,pr,еҢ—жқң,
-12,-4,1,rt,1,no,1,rt,1,no,pu,,
-10,-4,1,rt,1,no,1,rt,1,no,pr,жқұжқ‘еұұ,
-4,-4,1,rt,1,no,1,rt,1,no,pr,еӨ§д№…дҝқ,
-88,-3,1,sr,1,no,1,sr,1,no,mi,,
-76,-3,1,rt,1,no,2,rt,1,no,pu,,
-67,-3,1,rt,1,rt,1,rt,1,no,ca,,
-63,-3,1,rt,1,rt,1,rt,1,no,mi,,
-62,-3,1,no,1,no,1,rt,1,rt,mi,,
-55,-3,1,no,1,rt,1,no,1,rt,pu,,
-54,-3,1,no,1,rt,1,no,1,rt,mi,,
-53,-3,1,no,1,rt,1,no,1,rt,pu,,
-52,-3,1,rt,1,no,1,no,1,rt,ca,,
-47,-3,1,rt,1,no,1,rt,1,no,mi,,
-39,-3,1,rt,1,no,1,rt,1,no,mi,,
-34,-3,1,rt,1,no,1,rt,1,no,mi,,
-32,-3,1,rt,1,no,1,rt,1,no,pu,,
-19,-3,1,rt,1,rt,1,no,1,no,pr,йҹ®еҙҺ,
-18,-3,1,no,1,rt,1,rt,1,rt,pr,з”Іеәң,
-17,-3,1,no,1,rt,1,no,1,rt,pr,зҹіе’Ң,
-16,-3,1,no,1,no,1,rt,1,rt,pr,еӢқжІј,
-12,-3,1,rt,1,rt,1,rt,1,no,pr,з«Ӣе·қ,
-11,-3,1,no,1,rt,1,no,1,rt,pu,,
-10,-3,1,rt,1,rt,1,no,1,rt,pr,еӣҪеҲҶеҜә,
-9,-3,1,no,1,rt,1,no,1,rt,mi,,
-8,-3,1,no,1,rt,1,no,1,rt,pr,еҗүзҘҘеҜә,
-7,-3,1,no,1,rt,1,no,1,rt,pr,иҗ©зӘӘ,
-6,-3,1,no,1,rt,1,no,1,rt,sh,дёӯйҮҺ,
-5,-3,1,no,1,rt,1,no,1,rt,ca,,
-4,-3,1,rt,1,rt,1,rt,1,rt,pr,ж–°е®ҝ,
-3,-3,1,no,1,rt,1,no,1,rt,pr,еҚғй§„гғ¶и°·,
-2,-3,1,no,1,rt,1,no,1,rt,pr,еӣӣи°·,
-1,-3,1,no,1,rt,1,no,1,rt,pr,еҫҢжҘҪең’,
0,-3,2,rt,1,rt,1,rt,1,rt,pr,з§Ӣи‘үеҺҹ,
1,-3,1,no,1,rt,1,no,1,rt,pr,дёЎеӣҪ,
2,-3,1,no,1,rt,1,no,1,rt,pr,ж·ұе·қ,
3,-3,1,no,1,rt,1,no,1,rt,pr,дәҖжҲё,
4,-3,1,no,1,rt,1,rt,1,rt,ca,,
5,-3,1,no,1,rt,1,no,1,rt,pr,иҲ№ж©Ӣ,
6,-3,1,no,1,rt,1,no,1,rt,pr,е№•ејө,
7,-3,1,no,1,rt,1,rt,1,rt,pr,еҚғи‘ү,
8,-3,1,no,1,rt,1,no,1,rt,mi,,
9,-3,2,rt,1,rt,1,rt,1,rt,pr,дҪҗеҖү,
10,-3,1,no,1,rt,1,no,1,rt,ca,,
11,-3,1,no,1,rt,1,no,1,rt,he,еҢқз‘і,
12,-3,2,rt,1,no,1,rt,1,rt,ca,,
-88,-2,1,sr,1,no,1,sr,1,no,mi,,
-63,-2,1,rt,1,no,1,rt,1,no,mi,,
-60,-2,1,no,1,rt,1,no,1,rt,pu,,
-59,-2,1,no,1,rt,1,no,1,rt,ca,,
-58,-2,1,no,1,rt,1,no,1,rt,mi,,
-57,-2,1,no,1,rt,1,no,1,rt,pu,,
-56,-2,1,rt,1,no,1,no,1,rt,mi,,
-48,-2,1,rt,1,no,1,no,1,rt,pu,,
-46,-2,1,no,1,no,1,rt,1,rt,mi,,
-45,-2,1,rt,1,no,1,rt,1,no,mi,,
-39,-2,1,rt,1,no,1,rt,1,no,pu,,
-34,-2,1,rt,1,no,1,rt,1,no,mi,,
-32,-2,1,rt,1,no,1,rt,1,no,pu,,
-28,-2,1,no,1,rt,2,rt,1,no,pr,жңЁжӣҪ,
-27,-2,2,rt,1,no,1,no,1,rt,ca,,
-25,-2,2,rt,1,no,2,rt,1,no,mi,,
-19,-2,1,no,1,rt,1,rt,1,no,mi,,
-18,-2,1,rt,1,no,1,no,1,rt,mi,,
-16,-2,1,rt,1,rt,1,rt,1,no,pr,еӨ§жңҲ,
-15,-2,1,no,1,rt,1,no,1,rt,ca,,
-14,-2,1,no,1,rt,1,no,1,rt,pr,дёҠйҮҺеҺҹ,
-13,-2,1,no,1,rt,1,no,1,rt,pr,е…«зҺӢеӯҗ,
-12,-2,1,rt,1,no,1,no,1,rt,pr,ж—ҘйҮҺ,
-5,-2,1,no,1,rt,1,rt,1,no,pu,,
-4,-2,1,rt,1,no,1,rt,1,rt,pu,,
0,-2,1,rt,1,no,1,rt,1,no,pr,зҘһз”°,
2,-2,1,no,1,rt,1,rt,1,no,ca,,
3,-2,1,no,1,rt,1,no,1,rt,pr,жөҰе®ү,
4,-2,1,rt,1,no,1,no,1,rt,ca,,
7,-2,1,rt,1,rt,1,no,1,no,mi,,
8,-2,1,no,1,rt,1,rt,1,rt,mi,,
9,-2,1,rt,1,rt,1,no,1,rt,ca,,
10,-2,1,no,1,no,1,rt,1,rt,pr,е…«иЎ—,
11,-2,1,no,1,rt,1,rt,1,no,mi,,
12,-2,1,rt,1,no,1,no,1,rt,mi,,
-88,-1,1,sr,1,sr,1,sr,1,no,mi,,
-87,-1,1,no,1,no,1,sr,1,sr,pu,,
-79,-1,1,no,2,rt,1,rt,1,no,pu,,
-77,-1,1,no,1,rt,1,no,2,rt,ca,,
-76,-1,2,rt,1,no,1,no,1,rt,pu,,
-67,-1,1,rt,1,no,1,rt,1,no,ca,,
-61,-1,1,rt,1,no,1,rt,1,no,pu,,
-50,-1,1,no,1,rt,1,rt,1,no,pu,,
-49,-1,1,rt,1,no,1,no,1,rt,ca,,
-46,-1,1,rt,1,no,1,rt,1,no,mi,,
-43,-1,1,no,1,no,1,no,1,rt,pu,,
-39,-1,1,rt,1,no,1,rt,1,no,ca,,
-36,-1,1,no,2,rt,2,rt,1,no,mi,,
-34,-1,1,rt,1,no,1,no,2,rt,pr,йғЎеұұ,
-32,-1,1,rt,1,no,1,rt,1,no,pu,,
-19,-1,1,rt,1,no,1,rt,1,no,pr,еҚ—гӮўгғ«гғ—гӮ№,
-16,-1,1,rt,1,rt,1,no,1,no,mi,,
-15,-1,1,no,1,no,1,rt,1,rt,pu,,
-5,-1,1,rt,1,no,2,rt,1,no,ca,,
-4,-1,1,rt,1,no,1,rt,1,no,pu,,
0,-1,1,rt,1,no,1,rt,1,no,pr,ж—Ҙжң¬ж©Ӣ,
2,-1,1,rt,1,no,1,rt,1,no,pu,,
8,-1,1,rt,1,no,1,rt,1,no,pu,,
10,-1,1,rt,1,no,1,rt,1,no,pu,,
11,-1,1,rt,1,no,1,rt,1,no,pu,,
-87,0,1,sr,1,no,1,sr,1,no,mi,,
-79,0,1,rt,1,no,2,rt,1,no,mi,,
-67,0,1,rt,1,no,1,rt,1,no,ca,,
-63,0,1,rt,1,no,1,rt,1,no,mi,,
-61,0,1,rt,1,no,1,rt,1,no,pu,,
-55,0,1,no,1,rt,1,no,1,rt,mi,,
-54,0,1,no,1,rt,1,no,1,rt,ca,,
-50,0,1,rt,1,no,1,rt,1,no,pu,,
-46,0,1,rt,1,rt,1,no,1,no,mi,,
-39,0,1,rt,1,no,1,rt,1,no,ca,,
-32,0,1,rt,1,no,2,rt,1,no,pu,,
-31,0,1,no,2,rt,1,rt,1,no,pu,,
-29,0,1,no,1,rt,1,no,2,rt,pu,,
-28,0,2,rt,1,no,1,no,1,rt,ca,,
-26,0,1,no,1,rt,1,rt,1,no,pr,дјҠйӮЈ,
-25,0,2,rt,1,no,1,no,1,rt,pr,й«ҳйҒ ,
-19,0,1,rt,1,no,1,rt,1,no,ca,,
-15,0,1,rt,1,rt,1,no,1,no,pr,жІіеҸЈж№–,
-14,0,1,no,1,rt,1,rt,1,rt,ca,,
-13,0,1,no,1,no,1,no,1,rt,pr,еҝҚйҮҺжқ‘,
-4,0,1,rt,1,rt,2,rt,1,no,pr,еҺҹе®ҝ,
-3,0,1,no,1,rt,1,no,1,rt,pr,иЎЁеҸӮйҒ“,
-2,0,1,no,1,rt,1,no,1,rt,pr,иөӨеқӮ,
-1,0,1,no,1,rt,1,no,1,rt,pu,,
0,0,1,rt,1,rt,1,rt,1,rt,pr,жқұдә¬,
1,0,1,no,1,rt,1,no,1,rt,mi,,
2,0,1,rt,1,no,1,no,1,rt,ca,,
8,0,1,rt,1,rt,1,rt,1,no,ca,,
9,0,1,no,1,no,1,rt,1,rt,du,еҚғеҺҹеҸ°,
10,0,1,rt,1,rt,1,no,1,no,ca,,
11,0,1,rt,1,no,1,rt,1,rt,pr,еұұжӯҰ,
-89,1,1,no,1,rt,1,rt,1,no,mi,,
-87,1,1,sr,1,no,1,no,1,sr,pu,,
-66,1,1,no,1,rt,1,no,1,rt,pu,,
-64,1,1,no,1,rt,1,no,1,rt,mi,,
-62,1,1,no,1,rt,1,no,1,rt,mi,,
-60,1,1,no,1,rt,1,no,1,rt,pu,,
-53,1,1,rt,1,rt,1,rt,1,no,ca,,
-52,1,1,rt,1,no,1,no,1,rt,ca,,
-44,1,1,no,1,rt,1,no,1,rt,mi,,
-42,1,1,no,1,rt,1,no,1,rt,pu,,
-41,1,1,no,1,rt,1,no,1,rt,pr,й–ўгғ¶еҺҹ,
-40,1,1,no,1,rt,1,no,1,rt,pr,еһӮдә•,
-39,1,1,rt,1,no,1,rt,1,rt,ca,,
-38,1,1,no,1,no,2,rt,1,no,pr,жң¬е·Ј,
-36,1,2,rt,1,no,2,rt,1,no,mi,,
-31,1,1,rt,1,no,1,rt,1,no,pu,,
-26,1,1,rt,1,no,2,rt,1,no,pr,й§’гғ¶ж №,
-19,1,1,rt,1,no,1,rt,1,no,pr,иә«е»¶,
-14,1,1,rt,1,rt,1,no,1,no,pr,еҜҢеЈ«еҗүз”°,
-13,1,1,no,1,no,1,no,1,rt,pr,еұұдёӯж№–,
-6,1,1,no,1,rt,1,rt,1,no,mi,,
-5,1,2,rt,1,no,1,no,1,rt,ca,,
0,1,1,rt,1,no,1,rt,1,no,pr,йҠҖеә§,
8,1,1,rt,1,no,1,rt,1,no,pu,,
9,1,1,rt,1,no,1,rt,1,no,pu,,
11,1,1,rt,1,no,1,rt,1,no,pu,,
-94,2,1,no,1,rt,1,rt,1,no,ca,,
-93,2,1,no,1,rt,1,no,1,rt,ca,,
-92,2,1,no,1,rt,1,no,1,rt,ca,,
-91,2,1,no,1,rt,1,no,1,rt,ca,,
-90,2,1,no,1,rt,1,rt,1,rt,mi,,
-88,2,1,rt,1,no,1,rt,1,no,pu,,
-81,2,1,no,2,rt,1,rt,1,no,pu,,
-70,2,1,no,1,rt,1,rt,1,no,ca,,
-69,2,1,no,1,rt,1,no,1,rt,ca,,
-68,2,1,no,1,rt,1,no,1,rt,ca,,
-67,2,1,rt,1,no,1,no,1,rt,ca,,
-63,2,1,rt,1,no,1,rt,1,no,mi,,
-59,2,1,rt,1,no,1,rt,1,no,pu,,
-46,2,1,no,1,rt,1,rt,1,no,pu,,
-39,2,1,rt,1,no,1,rt,1,no,ca,,
-34,2,1,no,2,rt,1,rt,1,no,pu,,
-32,2,2,rt,1,no,1,no,2,rt,pu,,
-31,2,1,rt,1,no,2,rt,1,no,pu,,
-19,2,1,rt,1,no,1,rt,1,no,mi,,
-8,2,1,no,1,rt,1,no,1,no,pr,зӣёжЁЎеҺҹ,
-7,2,1,no,1,rt,1,rt,1,rt,pr,жө·иҖҒеҗҚ,
-6,2,1,rt,1,no,1,rt,1,rt,pr,з”әз”°,
-4,2,2,rt,1,rt,1,rt,1,no,pr,жёӢи°·,
-3,2,1,no,1,rt,1,no,1,rt,pr,е…ӯжң¬жңЁ,
-2,2,1,no,1,rt,1,rt,1,rt,pr,е“Ғе·қ,
-1,2,1,no,1,rt,1,no,1,rt,sh,й«ҳијӘгӮІгғјгғҲгӮҰгӮ§гӮӨ,
0,2,1,rt,1,rt,1,no,1,rt,pr,ж–°ж©Ӣ,
1,2,1,no,1,rt,1,no,1,rt,pr,жұҗз•ҷ,
2,2,1,no,1,no,1,no,1,rt,pr,гҒҠеҸ°е ҙ,
5,2,1,no,1,rt,1,rt,1,no,ca,,
6,2,1,no,1,rt,1,no,1,rt,ca,,
7,2,1,no,1,rt,1,no,1,rt,ca,,
8,2,1,rt,1,no,1,rt,1,rt,pr,еёӮеҺҹ,
9,2,1,rt,1,no,1,rt,1,no,ca,,
11,2,1,rt,1,no,1,rt,1,no,ca,,
-95,3,1,no,1,rt,1,rt,1,rt,ca,,
-94,3,1,rt,1,no,1,no,1,rt,ca,,
-88,3,1,rt,1,rt,1,no,1,no,pu,,
-87,3,1,no,1,no,1,rt,1,rt,pu,,
-81,3,1,rt,1,no,1,rt,1,no,pu,,
-63,3,1,rt,1,no,1,rt,1,no,pu,,
-53,3,1,rt,1,rt,1,no,1,rt,ca,,
-49,3,1,no,1,no,1,rt,1,rt,mi,,
-45,3,1,rt,1,rt,1,rt,1,no,pu,,
-39,3,1,rt,1,no,1,rt,1,no,ca,,
-38,3,2,rt,1,no,2,rt,1,no,mi,,
-36,3,2,rt,1,no,1,rt,1,no,mi,,
-34,3,1,rt,1,no,1,rt,1,no,ca,,
-30,3,1,no,2,rt,1,rt,1,no,pr,дёӯжҙҘе·қ,
-28,3,1,no,2,rt,1,no,2,rt,pr,йЈҜз”°,
-26,3,2,rt,1,no,2,rt,2,rt,mi,,
-19,3,1,rt,1,no,1,rt,1,no,ca,,
-9,3,1,no,1,rt,1,rt,1,no,pu,,
-8,3,1,no,1,rt,1,no,1,rt,pr,еҘҸйҮҺ,
-7,3,1,rt,1,no,1,no,1,rt,pr,еҺҡжңЁ,
-6,3,1,rt,1,no,1,rt,1,no,mi,,
-4,3,1,rt,2,rt,1,no,1,no,pr,жҒөжҜ”еҜҝ,
-2,3,1,rt,1,sr,1,rt,2,rt,pr,зӣ®й»’,
-1,3,1,no,1,no,1,sr,1,sr,mi,,
5,3,1,rt,1,no,1,rt,1,no,ca,,
8,3,1,rt,1,no,1,rt,1,no,mi,,
9,3,1,rt,1,rt,1,no,1,no,ca,,
10,3,1,no,1,rt,1,rt,1,rt,to,еӨ§з¶ІзҷҪйҮҢ,
11,3,1,rt,1,no,1,no,1,rt,pr,жқұйҮ‘,
-94,4,1,no,1,rt,1,no,1,rt,pu,,
-92,4,1,no,1,rt,1,no,1,rt,pu,,
-90,4,1,rt,1,rt,1,no,1,rt,mi,,
-89,4,1,no,1,rt,1,no,1,rt,ca,,
-86,4,1,rt,1,rt,1,no,1,rt,pu,,
-84,4,1,rt,1,rt,1,no,1,rt,ca,,
-83,4,1,no,1,rt,1,no,1,rt,ca,,
-81,4,1,rt,1,no,1,no,1,rt,pu,,
-73,4,1,no,1,rt,1,rt,1,no,ca,,
-72,4,1,no,1,rt,1,no,1,rt,ca,,
-71,4,1,no,1,rt,1,no,1,rt,ca,,
-70,4,1,rt,1,no,1,no,1,rt,ca,,
-65,4,1,no,1,rt,1,no,1,rt,pu,,
-64,4,1,no,1,rt,1,no,1,rt,pu,,
-63,4,1,rt,1,no,1,no,1,rt,pu,,
-59,4,1,rt,1,rt,1,no,1,no,pu,,
-58,4,1,no,1,no,1,rt,1,rt,mi,,
-53,4,1,no,1,rt,1,no,1,rt,ca,,
-41,4,1,no,2,rt,1,rt,1,no,pu,,
-39,4,1,rt,1,no,1,no,2,rt,mi,,
-36,4,1,rt,1,no,1,rt,1,no,pr,зҫҺжҝғ,
-34,4,1,rt,1,no,1,rt,1,no,ca,,
-31,4,2,rt,1,no,1,rt,1,no,pu,,
-30,4,1,rt,1,no,1,rt,1,no,ca,,
-19,4,1,rt,1,no,1,rt,1,no,ca,,
-12,4,1,no,1,rt,1,rt,1,no,pr,еҫЎж®ҝе ҙ,
-11,4,1,no,1,rt,1,no,1,rt,pr,еұұеҢ—,
-10,4,1,no,1,rt,1,no,1,rt,mi,,
-9,4,1,rt,1,no,1,rt,1,rt,ca,,
-6,4,1,rt,1,no,1,rt,1,no,mi,,
-3,4,1,no,1,rt,1,rt,1,no,pr,е·қеҙҺ,
-2,4,1,rt,1,sr,1,no,1,rt,pu,,
-1,4,1,sr,1,sr,1,sr,1,sr,mi,,
0,4,1,no,1,sr,1,no,1,sr,mi,,
1,4,1,no,1,sr,1,no,1,sr,mi,,
2,4,1,no,1,sr,1,no,1,sr,sh,жө·гҒ»гҒҹгӮӢ,
3,4,1,no,2,sr,1,no,1,sr,mi,,
5,4,1,rt,1,rt,1,rt,2,sr,pr,жңЁжӣҙжҙҘ,
6,4,1,no,1,no,1,rt,1,rt,ca,,
8,4,1,rt,1,no,1,rt,1,no,pr,еӨ§еӨҡе–ң,
10,4,1,rt,1,no,1,rt,1,no,pr,иҢӮеҺҹ,
-98,5,1,no,1,rt,1,rt,1,no,ca,,
-96,5,1,no,1,rt,1,no,1,rt,ca,,
-95,5,1,rt,1,no,1,no,1,rt,ca,,
-87,5,1,rt,1,no,1,rt,1,no,ca,,
-82,5,1,rt,1,no,1,rt,1,no,pu,,
-73,5,1,rt,1,no,1,rt,1,no,pu,,
-66,5,1,rt,1,no,1,rt,1,no,pu,,
-56,5,1,no,1,no,1,rt,1,rt,ca,,
-54,5,1,rt,2,rt,1,rt,1,no,mi,,
-51,5,1,no,1,rt,1,no,1,rt,ca,,
-50,5,1,no,1,rt,1,rt,1,rt,ca,,
-46,5,1,no,1,no,1,no,1,rt,mi,,
-45,5,1,rt,1,no,1,rt,1,no,mi,,
-41,5,1,rt,1,no,1,rt,1,no,ca,,
-39,5,1,no,1,rt,1,rt,1,no,pu,,
-38,5,2,rt,1,no,1,no,1,rt,mi,,
-36,5,1,rt,1,no,1,rt,1,no,pr,й–ў,
-35,5,1,no,1,rt,1,rt,1,no,ca,,
-34,5,1,rt,2,rt,1,no,1,rt,pr,зҫҺжҝғеҠ иҢӮ,
-32,5,1,no,1,no,1,rt,2,rt,pr,еҸҜе…җ,
-31,5,1,rt,1,rt,1,rt,1,no,pr,жҒөйӮЈ,
-30,5,1,rt,1,no,1,no,1,rt,ca,,
-26,5,2,rt,1,no,1,rt,1,no,mi,,
-19,5,1,rt,2,rt,1,no,1,no,ca,,
-17,5,1,no,1,rt,1,no,2,rt,mi,,
-16,5,1,no,1,rt,1,rt,1,rt,ca,,
-15,5,1,no,1,rt,1,no,1,rt,ca,,
-14,5,1,no,1,no,1,rt,1,rt,ca,,
-13,5,1,no,1,rt,1,rt,1,no,ca,,
-12,5,1,rt,1,no,1,no,1,rt,ca,,
-10,5,1,no,1,no,1,rt,1,no,pr,з®ұж №,
-9,5,1,rt,1,no,1,rt,1,no,ca,,
-6,5,1,rt,1,no,1,rt,1,no,mi,,
-3,5,1,rt,1,rt,1,rt,1,no,pr,жЁӘжөң,
-2,5,1,no,1,no,1,no,1,rt,pr,гҒҝгӮүгҒ„,
-1,5,1,sr,1,no,2,sr,1,no,mi,,
4,5,1,no,1,rt,1,rt,1,no,pr,еҜҢжҙҘ,
5,5,1,rt,1,no,1,no,1,rt,pr,еҗӣжҙҘ,
6,5,1,rt,1,no,1,no,1,no,he,д№…з•ҷйҮҢ,
8,5,1,rt,1,rt,1,no,1,no,mi,,
9,5,1,no,1,rt,1,rt,1,rt,sh,еӨ§еҺҹ,
10,5,1,rt,1,no,1,no,1,rt,pr,гҒ„гҒҷгҒҝ,
-93,6,1,rt,1,rt,1,no,1,no,mi,,
-92,6,1,no,1,no,1,rt,1,rt,pu,,
-87,6,1,rt,1,rt,1,no,1,no,ca,,
-86,6,1,no,1,no,1,rt,1,rt,mi,,
-83,6,1,no,1,rt,1,rt,1,no,ca,,
-82,6,1,rt,1,rt,1,no,1,rt,pu,,
-81,6,1,no,1,rt,1,no,1,rt,mi,,
-73,6,1,rt,1,no,1,rt,1,no,ca,,
-68,6,1,no,1,rt,1,rt,1,no,ca,,
-67,6,1,no,1,rt,1,no,1,rt,pu,,
-66,6,1,rt,1,no,1,no,1,rt,pu,,
-56,6,1,rt,1,rt,1,no,1,no,pu,,
-55,6,1,no,1,rt,1,no,1,rt,pu,,
-47,6,1,rt,1,no,1,rt,1,no,pu,,
-45,6,1,rt,1,no,1,rt,1,no,pu,,
-41,6,1,rt,1,rt,1,no,1,no,pu,,
-40,6,1,no,1,rt,1,no,1,rt,mi,,
-39,6,1,rt,1,rt,1,rt,1,rt,pr,еӨ§еһЈ,
-38,6,1,no,1,rt,1,no,1,rt,pr,з‘һз©Ӯ,
-37,6,1,no,1,rt,1,rt,1,rt,pr,еІҗйҳң,
-36,6,1,rt,1,rt,1,no,1,rt,pr,еҗ„еӢҷеҺҹ,
-35,6,1,rt,1,no,1,no,1,rt,pr,зҠ¬еұұ,
-33,6,1,no,1,rt,2,rt,1,no,pr,еӨҡжІ»иҰӢ,
-32,6,1,rt,1,rt,1,no,1,rt,pr,еңҹдҪҗ,
-31,6,1,rt,1,no,1,rt,1,rt,pr,з‘һжөӘ,
-26,6,1,rt,1,no,1,rt,1,no,ca,,
-16,6,1,rt,1,no,1,rt,1,no,ca,,
-14,6,1,rt,1,no,1,rt,1,no,ca,,
-13,6,1,rt,1,no,1,rt,1,no,ca,,
-10,6,1,rt,1,rt,1,rt,1,no,pr,е°Ҹз”°еҺҹ,
-9,6,1,rt,1,rt,1,no,1,rt,sh,еӣҪеәңжҙҘ,
-8,6,1,no,1,rt,1,no,1,rt,pr,е№іеЎҡ,
-7,6,1,no,1,rt,1,no,1,rt,pr,иҢ…гғ¶еҙҺ,
-6,6,1,rt,1,rt,1,no,1,rt,pu,,
-5,6,1,no,2,rt,1,rt,1,rt,pu,,
-3,6,1,rt,1,no,1,no,2,rt,pr,дёӯиҸҜиЎ—,
4,6,1,rt,1,no,1,rt,1,no,pr,еҜҢжөҰ,
5,6,1,no,1,rt,1,rt,1,no,ni,е’Ңз”°,
6,6,1,no,1,rt,1,no,1,rt,ni,еӨӘжө·,
7,6,1,no,1,rt,1,no,1,rt,pr,йҙЁе·қ,
8,6,1,no,1,rt,1,no,1,rt,pr,еӢқжөҰ,
9,6,1,rt,1,no,1,no,1,rt,pr,еҫЎе®ҝ,
-100,7,1,no,1,rt,1,rt,1,no,ca,,
-98,7,1,rt,1,no,1,no,1,rt,ca,,
-92,7,1,rt,1,rt,1,rt,1,no,ca,,
-91,7,1,no,1,no,1,rt,1,rt,pu,,
-88,7,1,no,1,rt,1,rt,1,no,pu,,
-87,7,1,no,1,rt,1,no,1,rt,mi,,
-84,7,1,no,1,rt,1,rt,1,no,mi,,
-82,7,1,no,1,rt,1,no,1,rt,ca,,
-81,7,1,no,1,no,1,rt,1,rt,mi,,
-73,7,1,rt,1,no,1,rt,1,no,ca,,
-70,7,1,no,1,rt,1,rt,1,no,ca,,
-69,7,1,no,1,rt,1,no,1,rt,ca,,
-68,7,1,rt,1,rt,1,no,1,rt,mi,,
-67,7,1,no,1,rt,1,no,1,rt,ca,,
-52,7,1,rt,1,no,1,rt,1,rt,ca,,
-50,7,1,rt,1,no,1,rt,1,no,mi,,
-47,7,1,rt,1,no,1,rt,1,no,ca,,
-45,7,1,rt,1,no,1,rt,1,no,pu,,
-41,7,1,no,1,no,1,rt,1,no,pr,гҒ„гҒӘгҒ№,
-39,7,1,rt,1,rt,1,rt,1,no,pr,еІҗйҳңзҫҪеі¶,
-38,7,1,no,1,rt,1,rt,1,rt,ca,,
-37,7,1,rt,1,no,1,no,1,rt,pu,,
-31,7,1,rt,1,no,1,rt,1,no,pr,еІ©жқ‘,
-26,7,1,rt,1,no,1,rt,1,no,mi,,
-16,7,1,rt,1,rt,1,no,1,no,mi,,
-15,7,1,no,1,rt,1,no,1,rt,mi,,
-14,7,1,rt,1,no,1,rt,1,rt,pr,еҜҢеЈ«е®®,
-13,7,1,rt,1,no,1,rt,1,no,pr,иЈҫйҮҺ,
-10,7,1,rt,1,no,1,rt,1,no,pr,зңҹй¶ҙ,
-5,7,1,rt,1,rt,1,no,1,no,pr,йҺҢеҖү,
-4,7,1,no,1,no,1,no,1,rt,pr,жЁӘй ҲиіҖ,
-1,7,2,sr,1,no,2,sr,1,no,mi,,
4,7,1,rt,1,rt,1,no,1,no,pr,йӨЁеұұ,
5,7,1,rt,1,no,1,no,1,rt,pr,еҚғеҖү,
-107,8,1,no,1,sr,1,no,1,sr,mi,,
-106,8,1,no,1,no,1,sr,1,sr,mi,,
-101,8,1,no,1,rt,1,rt,1,no,pu,,
-99,8,1,rt,1,rt,1,no,1,no,ca,,
-98,8,1,no,1,rt,1,no,1,rt,pu,,
-97,8,1,no,1,rt,1,no,1,rt,pu,,
-96,8,1,no,1,no,1,rt,1,rt,pu,,
-93,8,1,no,1,rt,1,rt,1,no,mi,,
-91,8,1,rt,1,no,1,rt,1,no,mi,,
-90,8,1,no,1,rt,1,rt,1,no,mi,,
-89,8,1,no,1,rt,1,no,1,rt,mi,,
-87,8,1,no,1,rt,1,no,1,rt,mi,,
-84,8,1,rt,1,no,1,rt,1,no,mi,,
-81,8,1,rt,1,no,1,rt,1,no,mi,,
-73,8,1,rt,1,no,1,rt,1,no,ca,,
-71,8,1,no,1,rt,1,rt,1,no,pu,,
-70,8,1,rt,1,no,1,no,1,rt,pu,,
-66,8,1,rt,1,no,1,rt,1,no,mi,,
-57,8,1,no,1,rt,1,rt,1,no,pu,,
-52,8,1,rt,1,no,1,rt,1,no,ca,,
-47,8,1,rt,1,no,1,rt,1,no,ca,,
-45,8,1,rt,1,no,1,rt,1,no,pu,,
-41,8,1,rt,1,rt,1,no,1,no,mi,,
-40,8,1,no,1,rt,1,rt,1,rt,ca,,
-39,8,1,rt,1,rt,1,no,1,rt,pr,ејҘеҜҢ,
-38,8,1,rt,1,no,1,rt,1,rt,pr,еҗҚеҸӨеұӢ,
-33,8,2,rt,1,rt,1,no,1,no,pr,зҖ¬жҲё,
-32,8,1,no,1,no,1,rt,1,rt,pu,,
-31,8,1,rt,1,no,1,no,1,no,pr,жҳҺжҷә,
-26,8,1,rt,1,no,1,rt,1,no,ca,,
-14,8,1,rt,1,rt,1,rt,1,no,pr,еҜҢеЈ«,
-13,8,1,rt,1,rt,1,rt,1,rt,pr,жІјжҙҘ,
-12,8,1,no,1,rt,1,rt,1,rt,pr,дёүеі¶,
-11,8,1,no,1,rt,1,rt,1,rt,pr,зҶұжө·,
-10,8,1,rt,1,no,1,no,1,rt,pr,ж№ҜжІіеҺҹ,
-106,9,1,sr,1,no,1,sr,1,no,mi,,
-102,9,1,no,1,rt,1,rt,1,no,pu,,
-96,9,1,rt,1,rt,1,no,1,no,mi,,
-95,9,1,no,1,rt,1,no,1,rt,mi,,
-93,9,1,rt,1,no,1,no,1,rt,mi,,
-91,9,1,rt,1,rt,1,no,1,no,pu,,
-87,9,1,no,1,no,1,rt,1,rt,ca,,
-86,9,1,rt,1,rt,1,no,1,no,ca,,
-85,9,1,no,1,rt,1,no,1,rt,mi,,
-83,9,1,no,1,no,1,rt,1,rt,mi,,
-82,9,1,no,1,rt,1,rt,1,no,mi,,
-76,9,1,no,1,no,1,rt,1,rt,ca,,
-73,9,1,rt,1,no,1,rt,1,no,ca,,
-66,9,1,rt,1,no,1,rt,1,no,ca,,
-51,9,1,no,1,rt,1,no,1,rt,ca,,
-50,9,1,rt,1,no,1,rt,1,rt,pu,,
-47,9,1,rt,1,rt,1,no,1,no,ca,,
-46,9,1,no,1,no,1,rt,1,rt,pu,,
-43,9,1,rt,1,no,1,rt,1,no,mi,,
-42,9,1,rt,1,rt,1,no,1,no,ca,,
-41,9,1,no,1,rt,1,no,1,rt,ca,,
-40,9,1,rt,1,no,1,rt,1,rt,pr,жЎ‘еҗҚ,
-39,9,1,no,1,rt,1,no,1,no,pr,еҗҚеҸӨеұӢжёҜ,
-38,9,1,rt,2,rt,1,no,1,rt,pr,ж „,
-36,9,1,no,1,rt,1,rt,2,rt,pr,зҶұз”°,
-35,9,1,no,1,no,2,rt,1,rt,pr,жңүжқҫ,
-32,9,1,rt,1,no,1,rt,1,no,pr,иұҠз”°,
-26,9,1,rt,1,no,1,rt,1,no,mi,,
-18,9,1,no,1,rt,1,no,1,no,pr,дёёеӯҗ,
-17,9,1,no,1,rt,1,rt,1,rt,pr,йқҷеІЎ,
-16,9,1,no,1,rt,1,no,1,rt,pr,жё…ж°ҙ,
-15,9,1,no,1,rt,1,no,1,rt,pr,з”ұжҜ”,
-14,9,1,rt,1,no,1,no,1,rt,ca,,
-13,9,1,rt,1,no,1,rt,1,no,pu,,
-12,9,1,rt,1,no,1,rt,1,no,pu,,
-11,9,1,rt,1,no,1,rt,1,no,pr,дјҠжқұ,
-4,9,1,no,2,sr,1,sr,1,no,pu,,
-2,9,1,no,1,sr,1,no,2,sr,ca,,
-1,9,2,sr,1,no,1,no,1,sr,mi,,
-106,10,1,sr,1,no,1,sr,1,no,mi,,
-104,10,1,no,1,rt,1,rt,1,no,pu,,
-102,10,1,rt,1,no,1,no,1,rt,pu,,
-95,10,1,no,1,rt,1,rt,1,no,ca,,
-94,10,1,rt,1,rt,1,no,1,rt,mi,,
-93,10,1,no,1,no,1,rt,1,rt,mi,,
-87,10,1,rt,1,no,1,rt,1,no,mi,,
-84,10,1,rt,1,no,1,rt,1,no,ca,,
-83,10,1,rt,1,rt,1,no,1,no,ca,,
-77,10,1,rt,1,no,1,rt,1,no,ca,,
-75,10,1,no,1,no,1,rt,1,rt,ca,,
-71,10,1,rt,1,no,1,rt,1,no,pu,,
-65,10,1,no,1,rt,1,no,1,rt,ca,,
-64,10,1,rt,1,no,1,rt,1,rt,ca,,
-57,10,1,rt,1,no,1,no,1,rt,ca,,
-52,10,1,no,1,rt,1,rt,1,no,ca,,
-51,10,1,no,1,rt,1,no,1,rt,ca,,
-48,10,1,no,1,rt,1,rt,1,no,mi,,
-47,10,1,no,1,rt,1,no,1,rt,mi,,
-45,10,1,rt,1,no,1,no,1,rt,pu,,
-43,10,1,rt,1,rt,1,no,1,no,mi,,
-42,10,1,no,1,rt,1,no,1,rt,ca,,
-41,10,1,no,1,rt,1,no,1,rt,ca,,
-40,10,1,rt,1,no,1,rt,1,rt,mi,,
-37,10,1,no,1,rt,1,rt,1,no,pu,,
-36,10,1,rt,1,no,1,rt,1,rt,pu,,
-32,10,1,rt,1,no,1,rt,1,no,ca,,
-26,10,1,rt,1,no,1,rt,1,no,ca,,
-20,10,1,no,1,no,1,rt,1,no,sh,еҜёеҸҲеіЎ,
-17,10,1,rt,1,no,1,rt,1,no,pr,е®үеҖҚе·қ,
-13,10,1,rt,1,no,1,rt,1,no,pu,,
-12,10,1,rt,1,no,1,rt,1,no,pr,дҝ®е–„еҜә,
-11,10,1,rt,1,no,1,rt,1,no,ca,,
-4,10,1,sr,1,rt,1,sr,1,no,ca,,
-3,10,1,no,1,rt,1,no,1,rt,pr,дјҠиұҶеӨ§еі¶,
-2,10,1,no,1,no,1,rt,1,rt,ca,,
-106,11,1,sr,1,no,1,sr,1,no,mi,,
-105,11,1,no,1,rt,1,rt,1,no,ca,,
-104,11,1,rt,1,no,1,no,1,rt,ca,,
-103,11,1,rt,1,no,1,rt,1,no,pu,,
-96,11,1,no,1,rt,1,rt,1,no,pu,,
-95,11,1,rt,1,no,1,no,1,rt,mi,,
-93,11,1,rt,1,rt,1,no,1,no,pu,,
-86,11,1,no,1,rt,1,rt,1,rt,mi,,
-85,11,1,no,1,rt,1,no,1,rt,mi,,
-76,11,1,no,1,no,1,rt,1,rt,pu,,
-74,11,1,no,1,no,1,rt,1,rt,ca,,
-73,11,1,rt,1,no,1,rt,1,no,ca,,
-68,11,1,no,1,rt,1,rt,1,no,pu,,
-67,11,1,no,1,rt,1,no,1,rt,pu,,
-66,11,1,rt,1,no,1,no,1,rt,ca,,
-59,11,1,rt,1,rt,1,rt,1,no,pu,,
-53,11,1,no,1,rt,1,rt,1,rt,ca,,
-48,11,1,rt,1,no,1,rt,1,no,mi,,
-46,11,1,rt,1,no,1,rt,1,no,pu,,
-40,11,1,rt,1,no,1,rt,1,no,mi,,
-38,11,1,no,1,rt,1,rt,1,no,pr,еёёж»‘,
-37,11,1,rt,1,no,1,rt,1,rt,pu,,
-36,11,1,rt,1,rt,1,no,1,no,pu,,
-35,11,2,rt,1,rt,1,no,1,rt,pu,,
-34,11,1,no,1,rt,1,rt,1,rt,pr,е®үеҹҺ,
-33,11,1,no,1,no,1,rt,1,rt,pu,,
-32,11,1,rt,1,no,1,rt,1,no,pr,еІЎеҙҺ,
-26,11,1,rt,1,no,1,rt,1,no,ca,,
-20,11,1,rt,1,no,1,rt,1,no,pr,е·қж №,
-18,11,1,no,1,rt,2,rt,1,no,pr,з„јжҙҘ,
-17,11,1,rt,1,no,1,no,1,rt,he,з”Ёе®—,
-13,11,1,rt,1,rt,1,no,1,no,ca,,
-12,11,1,rt,1,no,1,no,1,rt,ca,,
-11,11,1,rt,1,no,1,rt,1,no,ca,,
-4,11,1,sr,1,no,1,sr,1,no,pu,,
-2,11,1,rt,1,no,1,sr,1,no,ca,,
-111,12,1,no,1,rt,1,no,1,rt,mi,,
-110,12,1,no,1,rt,1,no,1,rt,ca,,
-109,12,1,no,1,rt,1,no,1,rt,ca,,
-107,12,1,no,1,rt,1,no,1,rt,ca,,
-105,12,1,rt,1,no,1,no,1,rt,mi,,
-97,12,1,no,1,rt,1,rt,1,no,ca,,
-96,12,1,rt,1,no,1,no,1,rt,ca,,
-91,12,1,no,1,rt,1,rt,1,rt,mi,,
-89,12,1,no,1,rt,1,no,1,rt,pu,,
-88,12,1,no,1,rt,1,no,1,rt,mi,,
-87,12,1,no,1,rt,1,rt,1,rt,mi,,
-85,12,1,no,1,rt,1,rt,1,rt,ca,,
-84,12,1,no,1,rt,1,no,1,rt,mi,,
-83,12,1,no,2,rt,1,no,1,rt,mi,,
-80,12,1,no,1,rt,1,no,1,rt,mi,,
-79,12,1,no,1,rt,1,no,1,rt,mi,,
-78,12,1,no,1,rt,1,no,1,rt,mi,,
-77,12,1,no,1,rt,1,no,1,rt,mi,,
-76,12,1,rt,1,rt,1,no,1,rt,ca,,
-74,12,1,rt,1,rt,1,no,1,rt,ca,,
-71,12,1,rt,1,rt,1,no,1,rt,mi,,
-68,12,1,rt,1,rt,1,rt,1,no,ca,,
-64,12,1,rt,1,no,1,rt,1,no,pu,,
-62,12,1,rt,1,rt,1,no,1,no,pu,,
-61,12,1,no,1,no,1,rt,1,rt,ca,,
-54,12,1,rt,1,no,1,rt,1,no,mi,,
-53,12,1,rt,1,no,1,rt,1,no,ca,,
-52,12,1,rt,1,no,1,rt,1,no,pu,,
-41,12,1,no,1,rt,1,rt,1,no,ca,,
-40,12,1,rt,1,no,1,no,1,rt,ca,,
-38,12,1,rt,1,no,1,no,1,no,ai,гӮ»гғігғҲгғ¬гӮўз©әжёҜ,
-37,12,1,rt,1,no,1,rt,1,no,pr,еҚҠз”°,
-34,12,1,rt,1,no,1,rt,1,no,pr,иҘҝе°ҫ,
-33,12,1,rt,1,rt,1,no,1,no,pu,,
-32,12,1,rt,1,rt,1,no,1,rt,pu,,
-31,12,1,no,1,no,1,rt,1,rt,pr,иұҠе·қ,
-26,12,1,rt,2,rt,1,rt,1,no,ca,,
-24,12,1,no,2,rt,1,no,2,rt,ca,,
-22,12,1,no,1,no,1,rt,2,rt,ca,,
-20,12,1,rt,1,no,1,rt,1,no,ca,,
-14,12,1,no,1,rt,1,rt,1,no,pr,жқҫеҙҺ,
-13,12,1,no,1,rt,1,rt,1,rt,pr,жІіжҙҘ,
-12,12,1,no,1,rt,1,no,1,rt,pr,зЁІеҸ–,
-11,12,1,rt,1,no,1,no,1,rt,pr,дјҠиұҶй«ҳеҺҹ,
-4,12,1,sr,1,sr,1,no,1,no,mi,,
-3,12,1,no,1,sr,1,no,1,sr,pu,,
-2,12,1,sr,1,no,1,sr,1,sr,mi,,
-112,13,1,rt,1,no,1,rt,1,no,pu,,
-108,13,1,rt,1,no,1,rt,1,no,pu,,
-104,13,1,no,1,rt,1,no,1,rt,mi,,
-101,13,1,no,1,no,1,rt,1,no,ca,,
-99,13,1,no,1,rt,1,rt,1,no,pu,,
-96,13,1,no,1,rt,1,rt,1,rt,pu,,
-95,13,1,no,1,rt,1,no,1,rt,pu,,
-94,13,1,no,1,rt,1,no,1,rt,pu,,
-89,13,1,no,1,rt,1,no,1,rt,ca,,
-88,13,1,no,1,rt,1,no,1,rt,ca,,
-86,13,1,rt,1,no,1,rt,1,no,mi,,
-80,13,1,no,2,rt,1,no,1,rt,mi,,
-76,13,1,no,1,rt,1,no,2,rt,pu,,
-75,13,1,rt,1,no,1,no,1,rt,ca,,
-72,13,1,rt,1,no,1,rt,1,no,ca,,
-66,13,1,no,1,rt,1,no,1,rt,ca,,
-61,13,1,rt,1,rt,1,no,1,rt,ca,,
-57,13,1,no,1,no,1,rt,1,rt,ca,,
-54,13,1,rt,1,no,1,rt,1,no,ca,,
-53,13,1,rt,1,no,1,rt,1,no,ca,,
-52,13,1,rt,1,no,1,rt,1,no,ca,,
-46,13,1,rt,1,no,1,rt,1,no,mi,,
-42,13,1,no,1,rt,1,no,1,rt,ca,,
-41,13,1,rt,1,no,1,rt,1,rt,pr,еӣӣж—ҘеёӮ,
-37,13,1,rt,1,no,1,rt,1,no,ca,,
-34,13,1,rt,1,rt,1,no,1,no,pu,,
-33,13,1,no,1,rt,1,no,1,rt,pr,еҗүиүҜ,
-32,13,1,no,1,rt,1,no,1,rt,pr,и’ІйғЎ,
-31,13,1,rt,2,rt,1,rt,1,rt,pr,иұҠж©Ӣ,
-29,13,1,no,1,no,1,rt,2,rt,pu,,
-27,13,1,no,1,rt,1,rt,1,no,ca,,
-26,13,1,rt,1,no,1,rt,1,rt,ca,,
-22,13,1,rt,2,rt,1,rt,1,no,mi,,
-20,13,1,rt,2,rt,1,no,2,rt,pr,еі¶з”°,
-18,13,2,rt,1,no,1,no,2,rt,pr,и—Өжһқ,
-14,13,1,rt,1,rt,1,no,1,no,ca,,
-13,13,1,rt,1,no,1,no,1,rt,pr,дёӢз”°,
-2,13,1,sr,2,sr,1,no,1,no,ca,,
0,13,1,no,1,sr,1,no,2,sr,pu,,
1,13,1,no,1,no,1,sr,1,sr,ca,,
-111,14,1,no,1,no,1,rt,1,rt,ca,,
-106,14,1,no,1,rt,1,rt,1,no,pu,,
-101,14,1,rt,1,rt,1,no,1,no,pu,,
-100,14,1,no,1,no,1,rt,1,rt,mi,,
-96,14,1,rt,1,rt,1,rt,1,no,mi,,
-93,14,1,rt,1,no,1,no,1,rt,ca,,
-92,14,1,rt,1,no,1,rt,1,no,ca,,
-86,14,1,rt,1,rt,1,rt,1,rt,mi,,
-85,14,1,no,1,no,1,rt,1,rt,ca,,
-71,14,1,no,1,rt,1,rt,1,rt,ca,,
-61,14,1,no,1,rt,1,rt,1,no,ca,,
-60,14,1,rt,1,no,1,no,1,rt,ca,,
-58,14,1,no,1,rt,1,rt,1,no,ca,,
-56,14,1,rt,1,rt,1,no,1,rt,ca,,
-55,14,1,no,1,rt,1,no,1,rt,pu,,
-54,14,1,rt,1,no,1,no,1,rt,pu,,
-53,14,1,rt,1,no,1,rt,1,no,ca,,
-52,14,1,rt,1,no,1,rt,1,no,pu,,
-49,14,1,no,1,rt,1,no,1,rt,pu,,
-47,14,1,no,1,rt,1,no,1,rt,pu,,
-45,14,1,no,1,rt,1,no,1,rt,mi,,
-41,14,1,rt,1,no,1,rt,1,rt,he,дјҠеӢўиӢҘжқҫ,
-37,14,1,rt,1,no,1,no,1,no,ca,,
-32,14,1,no,1,rt,1,rt,1,no,ca,,
-31,14,1,rt,1,no,1,no,1,rt,pu,,
-29,14,1,rt,2,rt,1,no,1,no,pu,,
-27,14,1,rt,1,rt,1,no,2,rt,pu,,
-26,14,1,rt,2,rt,1,no,1,rt,pr,жөңжқҫ,
-24,14,1,no,1,rt,1,no,2,rt,pr,зЈҗз”°,
-23,14,1,no,1,rt,1,no,1,rt,pr,жҺӣе·қ,
-22,14,1,rt,1,no,1,no,1,rt,he,зү§д№ӢеҺҹ,
-1,14,1,no,1,sr,1,no,1,no,ca,,
0,14,1,no,1,sr,1,no,1,sr,ca,,
1,14,1,sr,1,no,2,sr,1,sr,mi,,
-125,15,1,sr,1,no,1,sr,1,no,mi,,
-111,15,1,rt,1,rt,1,no,1,no,ca,,
-110,15,1,no,1,rt,1,no,1,rt,ca,,
-109,15,1,no,1,rt,1,no,1,rt,ca,,
-108,15,1,rt,1,rt,1,no,1,rt,mi,,
-106,15,1,rt,1,rt,1,rt,1,rt,mi,,
-104,15,1,no,1,rt,1,no,1,rt,ca,,
-102,15,1,no,1,rt,1,no,1,rt,pu,,
-101,15,1,no,1,rt,1,no,1,rt,pu,,
-100,15,1,rt,1,rt,1,no,1,rt,pu,,
-95,15,1,no,1,rt,1,no,1,rt,pu,,
-94,15,1,rt,1,no,1,no,1,rt,ca,,
-71,15,1,rt,1,no,1,rt,1,no,ca,,
-63,15,1,no,1,rt,1,rt,1,no,mi,,
-62,15,1,no,1,rt,1,no,1,rt,mi,,
-61,15,1,rt,1,no,1,rt,1,rt,ca,,
-57,15,1,rt,1,no,1,rt,1,no,ca,,
-53,15,1,rt,1,no,1,rt,1,no,ca,,
-51,15,1,no,1,rt,1,no,1,rt,ca,,
-48,15,1,rt,1,no,1,rt,1,no,pu,,
-43,15,1,rt,1,no,1,rt,1,no,ca,,
-42,15,1,no,1,rt,1,rt,1,no,pu,,
-41,15,1,rt,1,no,1,no,1,rt,pu,,
-35,15,1,no,1,rt,1,no,1,no,pr,дјҠиүҜж№–,
-34,15,1,no,2,rt,1,no,1,rt,pu,,
-32,15,1,rt,1,no,1,no,2,rt,he,з”°еҺҹ,
-125,16,1,sr,1,no,1,sr,1,no,mi,,
-115,16,1,no,1,rt,1,rt,1,no,pu,,
-102,16,1,no,1,no,1,rt,1,rt,ca,,
-100,16,1,no,1,rt,1,rt,1,no,ca,,
-99,16,1,rt,1,no,1,no,1,rt,ca,,
-71,16,1,rt,1,rt,1,no,1,no,ca,,
-70,16,1,no,1,no,1,rt,1,rt,ca,,
-63,16,1,rt,1,no,1,no,1,no,ca,,
-62,16,1,no,1,rt,1,rt,1,no,ca,,
-61,16,1,rt,1,no,1,rt,1,rt,mi,,
-58,16,1,no,1,no,1,rt,1,rt,ca,,
-56,16,1,no,1,rt,1,rt,1,rt,pu,,
-53,16,1,rt,1,rt,1,rt,1,rt,ca,,
-51,16,1,no,1,rt,1,no,1,rt,ca,,
-50,16,1,no,1,no,1,rt,1,rt,mi,,
-48,16,1,rt,1,rt,1,rt,1,no,mi,,
-47,16,1,no,1,rt,1,no,1,rt,mi,,
-46,16,1,no,1,rt,1,no,1,rt,pu,,
-45,16,1,no,1,no,1,rt,1,rt,pu,,
-43,16,1,rt,1,rt,1,no,1,no,ca,,
0,16,1,no,1,sr,1,no,1,no,pr,е…«дёҲеі¶,
1,16,2,sr,1,no,1,sr,1,sr,ca,,
-127,17,1,no,2,sr,2,sr,1,no,mi,,
-125,17,1,sr,1,sr,1,no,2,sr,pu,,
-124,17,1,no,2,sr,1,no,1,sr,mi,,
-122,17,2,sr,2,sr,1,sr,2,sr,mi,,
-120,17,1,no,2,sr,1,no,2,sr,mi,,
-118,17,1,no,1,no,2,sr,2,sr,mi,,
-113,17,1,no,1,rt,1,rt,1,rt,pu,,
-112,17,1,rt,1,no,1,no,1,rt,pu,,
-101,17,1,no,1,rt,1,no,1,rt,ca,,
-93,17,1,rt,1,no,1,rt,1,no,pu,,
-86,17,2,rt,1,no,2,rt,1,no,mi,,
-71,17,1,no,1,rt,1,rt,1,no,pu,,
-70,17,1,rt,1,no,1,rt,1,rt,mi,,
-62,17,1,rt,1,no,1,no,1,rt,mi,,
-61,17,1,rt,1,rt,1,no,1,no,ca,,
-60,17,1,no,1,rt,1,no,1,rt,mi,,
-59,17,1,no,1,rt,1,rt,1,rt,ca,,
-57,17,1,rt,1,rt,1,no,1,rt,ca,,
-56,17,1,rt,1,no,1,rt,1,rt,mi,,
-53,17,1,rt,1,no,1,rt,1,no,ca,,
-50,17,1,rt,1,no,1,rt,1,no,ca,,
-48,17,1,rt,1,no,1,rt,1,no,mi,,
-45,17,1,rt,1,no,1,rt,1,no,ca,,
-43,17,1,no,1,rt,1,rt,1,no,ca,,
-42,17,1,rt,1,no,1,rt,1,rt,pu,,
1,17,1,sr,1,no,1,sr,1,no,mi,,
-123,18,1,no,1,rt,1,rt,1,no,ca,,
-117,18,1,rt,1,no,1,rt,1,no,mi,,
-114,18,1,rt,1,no,1,rt,1,no,pu,,
-113,18,1,rt,1,rt,1,rt,1,no,ca,,
-112,18,1,no,1,no,1,rt,1,rt,mi,,
-93,18,1,rt,1,no,1,rt,1,no,ca,,
-83,18,1,sr,1,no,1,sr,1,no,pu,,
-71,18,1,rt,1,no,1,rt,1,no,pu,,
-70,18,1,rt,1,no,1,rt,1,no,pu,,
-64,18,1,no,1,rt,1,no,1,no,ca,,
-63,18,1,rt,1,no,1,no,1,rt,ca,,
-50,18,1,rt,1,no,1,rt,1,no,ca,,
-48,18,1,rt,1,no,1,rt,1,no,mi,,
-45,18,1,rt,1,rt,1,no,1,no,pu,,
-44,18,1,no,1,rt,1,no,1,rt,pu,,
-43,18,1,rt,1,rt,1,no,1,rt,pu,,
-42,18,1,rt,1,no,1,rt,1,rt,ca,,
1,18,1,sr,1,no,1,sr,1,no,mi,,
-127,19,2,sr,1,no,2,sr,1,no,mi,,
-123,19,1,rt,1,rt,1,no,1,no,ca,,
-121,19,1,no,1,rt,1,no,1,rt,pu,,
-120,19,1,no,1,rt,1,no,1,rt,pu,,
-116,19,1,no,1,no,1,rt,1,rt,pu,,
-113,19,1,rt,1,no,1,no,1,rt,mi,,
-110,19,1,no,1,no,1,rt,2,rt,ca,,
-95,19,1,no,1,rt,1,rt,1,no,mi,,
-94,19,1,no,1,rt,1,no,1,rt,ca,,
-92,19,1,no,1,no,1,rt,1,rt,pu,,
-86,19,2,rt,1,rt,1,no,1,rt,pu,,
-84,19,1,no,1,rt,1,no,1,rt,mi,,
-71,19,1,rt,1,no,1,rt,1,no,pu,,
-70,19,1,rt,1,rt,1,no,1,no,pu,,
-69,19,1,no,1,rt,1,no,1,rt,pu,,
-56,19,1,rt,1,rt,1,no,1,no,ca,,
-54,19,1,rt,1,no,1,no,1,rt,mi,,
-53,19,1,rt,1,no,1,rt,1,no,ca,,
-48,19,1,rt,1,no,1,rt,1,no,mi,,
-42,19,1,rt,1,no,1,rt,1,no,ca,,
1,19,1,sr,1,no,1,sr,1,no,mi,,
-123,20,1,no,1,no,1,rt,1,rt,pu,,
-122,20,1,rt,1,rt,1,rt,1,no,mi,,
-121,20,1,no,1,no,1,rt,1,rt,pu,,
-116,20,1,rt,1,rt,1,no,1,no,pu,,
-115,20,1,rt,1,no,1,no,1,rt,pu,,
-114,20,1,rt,1,no,1,rt,1,no,mi,,
-95,20,1,rt,1,no,1,rt,1,no,ca,,
-92,20,1,rt,1,rt,1,rt,1,no,pu,,
-86,20,1,no,1,rt,1,no,1,rt,mi,,
-85,20,1,no,2,rt,1,no,1,rt,ca,,
-83,20,1,rt,1,no,1,no,2,rt,ca,,
-79,20,1,no,1,rt,1,rt,2,rt,ca,,
-77,20,1,no,3,sr,1,no,1,sr,mi,,
-74,20,1,no,1,no,3,sr,3,sr,mi,,
-71,20,1,rt,1,no,1,rt,1,no,pu,,
-68,20,1,rt,1,no,1,rt,1,no,pu,,
-60,20,1,no,1,rt,1,rt,1,no,mi,,
-59,20,1,rt,1,no,1,no,1,rt,ca,,
-58,20,1,rt,1,no,1,rt,1,no,pu,,
-55,20,1,rt,1,no,1,rt,1,no,mi,,
-53,20,1,rt,1,no,1,rt,1,no,ca,,
-48,20,1,rt,1,no,1,rt,1,no,ca,,
1,20,1,sr,1,no,1,sr,1,no,mi,,
-127,21,2,sr,1,no,2,sr,1,no,mi,,
-126,21,1,rt,1,rt,1,no,1,no,mi,,
-125,21,1,no,1,no,1,rt,1,rt,mi,,
-122,21,1,rt,1,no,1,no,1,rt,pu,,
-121,21,1,rt,1,rt,1,no,1,no,pu,,
-118,21,1,no,1,rt,1,rt,1,no,pu,,
-116,21,1,no,1,rt,1,no,1,rt,ca,,
-108,21,1,rt,1,no,1,no,1,rt,ca,,
-92,21,1,rt,1,no,1,no,1,rt,mi,,
-79,21,1,rt,1,no,1,rt,2,rt,pu,,
-77,21,1,no,2,sr,4,sr,1,no,mi,,
-75,21,1,no,1,no,1,sr,2,sr,mi,,
-71,21,1,rt,1,no,1,rt,1,no,pu,,
-68,21,1,rt,1,no,1,rt,1,no,pu,,
-60,21,1,rt,1,no,1,no,1,rt,ca,,
-59,21,1,no,1,rt,1,rt,1,no,mi,,
-58,21,1,rt,1,no,1,no,1,rt,ca,,
-56,21,1,no,1,rt,1,rt,1,no,mi,,
-52,21,1,no,1,rt,1,no,1,rt,ca,,
-51,21,1,no,1,rt,1,no,1,rt,ca,,
-48,21,1,rt,1,no,1,no,1,rt,mi,,
-43,21,1,no,1,rt,1,rt,1,no,mi,,
-42,21,1,rt,1,rt,1,rt,1,rt,ca,,
-41,21,1,no,1,no,1,rt,1,rt,sh,е®ҮжІ»еұұз”°,
1,21,1,sr,1,no,1,sr,1,no,mi,,
-124,22,1,no,1,rt,1,rt,1,rt,ca,,
-121,22,1,no,1,rt,1,rt,1,rt,ca,,
-120,22,1,rt,1,rt,1,no,1,rt,pu,,
-118,22,1,rt,1,no,1,no,1,rt,pu,,
-116,22,1,no,1,rt,1,no,1,rt,ca,,
-113,22,1,no,2,rt,1,no,1,rt,ca,,
-97,22,1,no,1,rt,1,rt,1,no,ca,,
-95,22,1,rt,1,no,1,rt,1,rt,mi,,
-86,22,1,no,1,rt,1,no,1,rt,ca,,
-85,22,1,no,1,rt,1,no,1,rt,mi,,
-84,22,1,no,1,rt,1,no,1,rt,ca,,
-75,22,1,sr,1,no,1,sr,1,sr,mi,,
-71,22,1,rt,1,no,1,rt,1,no,pu,,
-60,22,1,no,1,rt,1,rt,1,no,mi,,
-59,22,1,rt,1,no,1,no,1,rt,ca,,
-58,22,1,no,1,rt,1,rt,1,no,ca,,
-57,22,1,no,1,rt,1,no,1,rt,mi,,
-43,22,1,rt,1,rt,1,no,1,rt,ca,,
-42,22,1,rt,1,rt,1,no,1,rt,mi,,
-41,22,1,rt,1,rt,1,no,1,rt,pr,дјҠеӢў,
-40,22,1,no,1,no,1,rt,1,rt,pr,йіҘзҫҪ,
1,22,1,sr,1,sr,1,no,1,no,ca,,
2,22,1,no,1,sr,1,no,1,sr,mi,,
3,22,1,no,1,sr,1,no,1,sr,mi,,
4,22,1,no,1,sr,1,no,1,sr,mi,,
5,22,1,no,1,no,1,no,1,sr,pr,е°Ҹз¬ еҺҹ,
-127,23,2,sr,1,no,2,sr,1,no,mi,,
-125,23,1,rt,1,no,1,rt,1,no,ca,,
-121,23,1,rt,1,no,1,rt,1,no,pu,,
-111,23,1,rt,1,rt,1,no,1,no,ca,,
-108,23,1,no,2,rt,1,no,2,rt,ca,,
-95,23,1,rt,1,no,1,rt,1,no,mi,,
-89,23,1,no,1,rt,1,rt,1,no,mi,,
-88,23,1,no,1,rt,1,no,1,rt,pu,,
-87,23,1,rt,1,no,1,no,1,rt,mi,,
-76,23,1,sr,1,sr,1,no,1,no,mi,,
-75,23,1,sr,1,sr,1,no,1,sr,mi,,
-74,23,3,sr,1,no,1,no,1,sr,mi,,
-72,23,1,no,1,rt,1,rt,1,no,mi,,
-70,23,1,no,1,rt,1,no,1,rt,pu,,
-69,23,1,no,1,rt,1,no,1,rt,pu,,
-66,23,1,no,1,no,1,sr,2,sr,mi,,
-62,23,1,no,1,rt,1,rt,1,no,mi,,
-60,23,1,rt,1,rt,1,no,1,rt,ca,,
-58,23,1,rt,1,no,1,no,1,rt,mi,,
-56,23,1,no,1,rt,1,rt,1,no,ca,,
-55,23,1,no,1,rt,1,no,1,rt,ca,,
-54,23,1,no,1,rt,1,no,1,rt,ca,,
-53,23,1,rt,1,no,1,rt,1,rt,mi,,
-44,23,1,rt,1,no,1,rt,1,no,ca,,
-40,23,1,rt,1,no,1,no,1,no,pr,иіўеі¶,
-125,24,1,rt,1,no,1,rt,1,no,pu,,
-123,24,1,rt,1,rt,1,rt,1,no,pu,,
-122,24,1,rt,1,no,1,no,1,rt,pu,,
-121,24,1,rt,1,no,1,rt,1,no,pu,,
-116,24,1,rt,1,no,1,rt,1,no,mi,,
-97,24,1,rt,1,no,1,rt,1,no,mi,,
-95,24,1,rt,1,rt,1,no,1,no,ca,,
-89,24,1,rt,1,no,1,rt,1,no,mi,,
-68,24,1,rt,1,no,1,rt,1,no,ca,,
-66,24,1,sr,1,no,2,sr,1,no,mi,,
-59,24,1,rt,1,no,1,rt,1,no,mi,,
-53,24,1,rt,1,rt,1,no,1,no,mi,,
-46,24,1,no,1,rt,1,rt,1,no,ca,,
-45,24,1,no,1,rt,1,no,1,rt,ca,,
-44,24,1,rt,1,no,1,no,1,rt,ca,,
-127,25,2,sr,1,no,2,sr,1,no,mi,,
-125,25,1,rt,1,rt,1,no,1,no,mi,,
-124,25,1,no,1,rt,1,no,1,rt,ca,,
-123,25,1,rt,1,no,1,rt,1,rt,pu,,
-121,25,1,rt,1,no,1,rt,1,no,ca,,
-114,25,1,rt,1,no,3,rt,1,rt,mi,,
-110,25,2,rt,1,no,2,rt,1,no,pu,,
-97,25,1,rt,1,no,1,no,1,rt,pu,,
-77,25,4,sr,3,sr,1,no,1,no,mi,,
-74,25,1,no,2,sr,1,no,3,sr,mi,,
-71,25,1,no,1,rt,1,no,1,rt,ca,,
-69,25,1,no,1,rt,1,no,1,rt,ca,,
-68,25,1,rt,1,no,1,no,1,rt,ca,,
-62,25,1,rt,1,no,1,rt,1,rt,ca,,
-59,25,1,rt,1,no,1,rt,1,no,mi,,
-56,25,1,rt,1,no,1,rt,1,no,ca,,
-48,25,1,no,1,rt,1,rt,1,no,mi,,
-46,25,1,rt,1,no,1,no,1,rt,ca,,
-122,26,1,no,1,rt,1,rt,1,no,pu,,
-87,26,1,rt,1,rt,1,no,1,no,ca,,
-86,26,1,no,1,rt,1,rt,1,rt,ca,,
-85,26,1,rt,1,no,1,no,1,rt,mi,,
-80,26,1,no,1,rt,1,rt,1,no,ca,,
-79,26,1,rt,1,no,1,no,1,rt,ca,,
-66,26,2,sr,2,sr,1,no,1,no,mi,,
-64,26,1,no,1,sr,1,no,2,sr,mi,,
-61,26,1,no,1,rt,1,no,1,rt,ca,,
-58,26,1,no,1,rt,1,no,1,rt,mi,,
-57,26,1,no,1,rt,1,no,1,rt,ca,,
-127,27,2,sr,1,no,2,sr,1,sr,mi,,
-124,27,1,no,1,rt,1,rt,1,no,ca,,
-122,27,1,rt,1,rt,1,rt,1,rt,mi,,
-121,27,1,no,1,rt,1,no,1,rt,mi,,
-110,27,2,rt,1,no,1,rt,1,no,pu,,
-97,27,1,no,1,rt,1,no,1,rt,mi,,
-96,27,1,no,1,rt,1,no,1,rt,mi,,
-95,27,1,rt,1,no,1,rt,1,rt,mi,,
-82,27,1,no,1,rt,1,rt,1,no,mi,,
-81,27,1,no,1,rt,1,no,1,rt,ca,,
-80,27,1,rt,1,no,1,no,1,rt,mi,,
-64,27,1,no,1,rt,1,rt,1,no,mi,,
-63,27,1,rt,1,no,1,no,1,rt,pu,,
-52,27,1,no,1,rt,1,rt,1,no,pu,,
-51,27,1,no,1,rt,1,no,1,rt,pu,,
-50,27,1,no,1,rt,1,no,1,rt,pu,,
-48,27,1,rt,1,no,1,no,1,rt,ca,,
-125,28,1,no,1,rt,1,rt,1,no,ca,,
-124,28,1,rt,1,no,1,no,1,rt,ca,,
-120,28,1,rt,1,no,1,rt,1,no,mi,,
-114,28,3,rt,2,rt,1,rt,1,rt,mi,,
-111,28,1,no,1,rt,1,no,1,rt,pu,,
-95,28,1,rt,1,no,1,no,1,rt,ca,,
-85,28,1,rt,2,rt,1,no,1,no,ca,,
-83,28,1,no,1,rt,1,rt,2,rt,mi,,
-82,28,1,rt,1,no,1,no,1,rt,mi,,
-63,28,1,no,1,no,1,rt,1,rt,pu,,
-127,29,2,sr,2,sr,1,no,1,no,pu,,
-120,29,1,rt,1,no,1,rt,1,no,mi,,
-114,29,1,rt,1,rt,1,no,1,no,mi,,
-59,29,1,no,1,rt,1,rt,1,no,mi,,
-58,29,1,rt,1,rt,1,no,1,rt,mi,,
-57,29,1,no,1,rt,1,no,1,rt,mi,,
-56,29,1,no,1,no,1,rt,1,rt,mi,,
-120,30,1,rt,1,no,1,no,1,rt,mi,,
-63,30,1,no,1,no,1,rt,1,rt,pu,,
-60,30,1,no,1,rt,1,rt,1,no,mi,,
-59,30,1,rt,1,no,1,no,1,rt,mi,,
-55,30,1,no,1,rt,1,no,1,rt,mi,,
-53,30,1,no,1,rt,1,no,1,rt,pu,,
-118,31,1,rt,1,no,1,no,1,rt,pu,,
-107,31,1,no,1,rt,1,rt,1,no,pu,,
-106,31,3,rt,1,no,1,no,1,rt,pu,,
-61,31,1,no,1,rt,1,no,1,rt,mi,,
-60,31,1,rt,1,no,1,no,1,rt,mi,,
-55,31,1,no,1,rt,1,no,1,rt,pu,,
-54,31,1,rt,1,no,1,no,1,rt,pu,,
-122,32,1,no,1,rt,1,rt,1,no,pu,,
-121,32,1,no,1,no,1,rt,1,rt,ca,,
-116,32,2,rt,1,no,1,rt,1,no,ca,,
-110,32,1,rt,1,rt,1,no,1,no,mi,,
-109,32,1,no,2,rt,1,no,1,rt,mi,,
-122,33,1,rt,1,rt,1,rt,1,no,ca,,
-119,33,2,rt,1,no,1,no,2,rt,pu,,
-115,33,1,no,1,no,1,rt,1,rt,pu,,
-62,33,1,rt,1,rt,1,no,1,no,mi,,
-60,33,1,no,1,no,1,rt,1,rt,mi,,
-58,33,1,no,1,rt,1,rt,1,no,pu,,
-122,34,1,rt,1,no,1,rt,1,no,ca,,
-115,34,1,rt,1,rt,1,no,1,no,mi,,
-109,34,1,no,2,rt,2,rt,1,no,mi,,
-107,34,1,rt,1,no,1,no,2,rt,pu,,
-60,34,1,rt,1,rt,1,no,1,no,mi,,
-116,35,2,rt,1,rt,1,no,1,rt,mi,,
-115,35,1,no,1,no,1,rt,1,rt,mi,,
-114,35,1,rt,1,no,1,rt,1,no,mi,,
-119,36,1,no,2,rt,1,rt,1,no,ca,,
-116,36,1,no,1,rt,1,rt,1,no,mi,,
-114,36,1,rt,1,rt,1,rt,1,no,ca,,
-109,36,2,rt,1,no,1,rt,1,no,pu,,
-116,37,1,rt,1,no,1,rt,1,no,mi,,
-115,37,1,rt,1,rt,1,no,1,no,mi,,
-114,37,1,rt,1,no,1,rt,1,rt,ca,,
-112,37,1,rt,1,no,1,rt,1,no,mi,,
-119,38,1,rt,2,rt,1,rt,1,no,ca,,
-116,38,1,rt,1,no,1,no,1,rt,mi,,
-114,38,1,rt,1,no,1,rt,1,no,mi,,
-112,38,1,rt,1,no,1,rt,1,no,mi,,
-111,38,1,rt,1,no,1,rt,1,no,ca,,
-121,39,1,no,1,sr,1,no,1,sr,pu,,
-120,39,1,no,1,sr,1,no,1,sr,pu,,
-113,39,1,no,1,rt,1,rt,1,rt,pu,,
-111,39,1,rt,2,rt,1,no,1,rt,ca,,
-119,40,1,rt,2,rt,1,no,1,no,ca,,
-115,40,1,no,1,sr,2,sr,1,sr,mi,,
-112,40,1,rt,1,rt,1,no,1,no,mi,,
-111,40,1,no,1,no,1,rt,1,rt,ca,,
-111,41,1,rt,2,rt,1,rt,1,no,mi,,
-116,42,2,rt,1,no,1,rt,1,no,ca,,
-115,42,2,sr,1,no,2,sr,1,no,pu,,
-118,43,1,rt,1,no,1,rt,1,no,ca,,
-116,43,1,rt,1,no,1,rt,1,rt,ca,,
-113,43,1,rt,1,rt,1,rt,1,no,ca,,
-112,43,1,rt,1,no,1,rt,1,rt,ca,,
-117,44,1,no,1,rt,1,no,1,rt,mi,,
-115,44,2,sr,1,no,2,sr,1,no,pu,,
-113,44,1,rt,1,no,1,rt,1,no,ca,,
-121,46,1,no,2,sr,2,sr,1,no,mi,,
-119,46,1,no,2,sr,1,no,2,sr,ca,,
-117,46,1,no,2,sr,1,no,2,sr,ca,,
-115,46,2,sr,1,no,1,sr,2,sr,mi,,
-115,47,1,sr,1,no,1,sr,1,no,ca,,
-121,48,2,sr,1,no,3,sr,1,no,mi,,
-115,48,1,sr,2,sr,1,sr,1,no,ca,,
-113,48,1,no,2,sr,1,no,2,sr,ca,,
-117,49,1,no,2,sr,2,sr,1,no,ca,,
-115,49,1,sr,1,sr,1,no,2,sr,ca,,
-114,49,1,no,1,no,2,sr,1,sr,mi,,
-121,51,3,sr,1,no,4,sr,1,no,mi,,
-117,51,2,sr,1,no,2,sr,1,no,mi,,
-117,53,2,sr,1,no,2,sr,1,no,pu,,
-121,55,4,sr,1,no,4,sr,1,no,mi,,
-120,55,1,no,2,sr,2,sr,1,no,ca,,
-118,55,1,no,1,sr,1,no,2,sr,ca,,
-117,55,2,sr,1,no,1,no,1,sr,pu,,
-120,57,2,sr,1,no,2,sr,1,no,pu,,
-125,59,1,no,2,sr,2,sr,1,no,pu,,
-123,59,1,no,2,sr,1,no,2,sr,mi,,
-121,59,4,sr,1,sr,1,sr,2,sr,pu,,
-120,59,2,sr,1,no,1,sr,1,sr,mi,,
-122,60,1,no,1,sr,1,sr,1,no,pu,,
-121,60,1,sr,1,no,1,sr,1,sr,mi,,
-119,60,1,no,1,sr,1,no,1,sr,mi,,
-129,61,1,no,4,sr,3,sr,1,no,mi,,
-125,61,2,sr,1,no,2,sr,4,sr,mi,,
-123,61,1,no,1,sr,1,sr,1,no,pu,,
-122,61,1,sr,1,no,1,sr,1,sr,pu,,
-124,62,1,no,1,sr,1,sr,1,no,ca,,
-123,62,1,sr,1,no,1,sr,1,sr,ca,,
-125,63,2,sr,1,sr,1,sr,1,no,ca,,
-124,63,1,sr,1,no,1,no,1,sr,pu,,
-129,64,3,sr,2,sr,2,sr,1,no,pu,,
-127,64,1,no,2,sr,1,no,2,sr,mi,,
-125,64,1,sr,1,no,1,no,2,sr,ca,,
-124,65,1,rt,1,no,1,no,1,rt,mi,,
-129,66,2,sr,1,no,1,sr,1,no,ca,,
-126,66,1,no,1,rt,1,rt,1,no,mi,,
-131,67,1,no,1,no,1,sr,1,sr,pu,,
-129,67,1,sr,1,no,1,sr,1,no,pu,,
-126,67,1,rt,1,rt,1,no,1,rt,ca,,
-132,68,1,no,1,sr,2,sr,1,no,pu,,
-131,68,1,sr,1,sr,1,no,1,sr,mi,,
-127,68,1,rt,1,no,1,no,1,rt,pu,,
-130,69,1,no,1,rt,1,rt,1,no,pu,,
-133,70,1,no,1,sr,2,sr,1,no,pu,,
-134,71,1,no,1,no,1,sr,1,sr,mi,,
